GenBank,Zc
CDN31626.1,-0.17240464344941941
MCD8245283.1,-0.16986644407345564
MDE6499347.1,-0.17581092094539508
MDE5945046.1,-0.184127243066884
WP_040611694.1,-0.16301980198019783
GKI20864.1,-0.16301980198019783
MCC8062059.1,-0.1951191454396055
MCH5305734.1,-0.17239112571898094
WP_273496164.1,-0.18282178217821768
EHP48135.1,-0.16301980198019783
HIW11219.1,-0.17508684863523558
WP_027291251.1,-0.18132122213047053
WP_005857953.1,-0.17624999999999988
WP_250789005.1,-0.17943380516236457
MBO5225880.1,-0.18544398340248958
WP_071135197.1,-0.1883278145695363
MDD2952395.1,-0.1768848384424191
WP_283391216.1,-0.1883278145695363
WP_122360281.1,-0.1710149750415972
WP_258990863.1,-0.17442131557035792
WP_165155747.1,-0.1856478405315614
WP_122373434.1,-0.16949208992506232
WP_287567081.1,-0.17669172932330815
WP_122351504.1,-0.16949208992506232
MBQ8530649.1,-0.18845070422535204
HIX75389.1,-0.1705560165975102
WP_103982033.1,-0.1771524288107201
MCD7851354.1,-0.17989983305509172
WP_224264932.1,-0.17129999999999987
WP_280749406.1,-0.18795041322314038
WP_028726700.1,-0.17099833610648904
WP_099465383.1,-0.18020066889632091
WP_195485090.1,-0.18325542570951578
HJH35379.1,-0.17669172932330812
WP_007653384.1,-0.17144286905754783
WP_121737122.1,-0.17262895174708806
MCD8270955.1,-0.18601165695253943
WP_005644098.1,-0.18173767752715111
WP_122332386.1,-0.18611764705882342
WP_010803511.1,-0.1763969974979148
WP_115498718.1,-0.18778151260504192
WP_075964399.1,-0.17989983305509172
WP_005638798.1,-0.18187290969899655
MBP3518477.1,-0.17989983305509172
WP_122274908.1,-0.1898163606010016
WP_122146971.1,-0.1647706422018347
HIX85563.1,-0.16965346534653447
WP_102408598.1,-0.1720167364016735
WP_155152437.1,-0.1899165275459098
MBS1319384.1,-0.1733667502088553
HBA30137.1,-0.1750208855472012
MBE6301995.1,-0.16954657873042028
WP_158534125.1,-0.17730092204526388
MBQ4279474.1,-0.18809172809172808
WP_280126275.1,-0.19750825082508253
MBQ2379234.1,-0.17271214642262878
MBN1988504.1,-0.18618971061093226
MBR5895394.1,-0.16842105263157878
WP_010662571.1,-0.1564733542319747
MCJ7446083.1,-0.19078542510121463
WP_106152366.1,-0.1652009456264774
WP_226388179.1,-0.15093596059113285
MBE9488395.1,-0.20480194017784975
MCU0473002.1,-0.189724025974026
MBR4311707.1,-0.1695253955037467
MBR5213117.1,-0.16930310663308126
NLH46253.1,-0.1753709677419354
MBR5878231.1,-0.1738866064092028
WP_027471347.1,-0.17483922829581977
WP_016775548.1,-0.16320740169622183
MBR5876388.1,-0.16764063811922736
MBO5684278.1,-0.17584372402327497
MBE6417222.1,-0.16386934673366815
MBE6418838.1,-0.16026755852842792
MBR3927178.1,-0.15795170691090737
MCK9399749.1,-0.15699839486356323
MDD3738699.1,-0.1924598070739549
MBR5186016.1,-0.16926018287614278
MCD6440234.1,-0.19671786580436543
MBQ4614371.1,-0.16268312757201628
MBR5185864.1,-0.1598498748957462
MBR5330196.1,-0.16473333333333312
MBR2126954.1,-0.15273482959268478
HIX19300.1,-0.16384424192212071
WP_096432030.1,-0.16430317848410733
MBR5523248.1,-0.1681401167639698
MBQ9836266.1,-0.16255813953488354
MBQ3217387.1,-0.16261014131338297
MBQ5665106.1,-0.16655546288573791
MBQ8480367.1,-0.1613520197856552
MBR5194903.1,-0.16721943048576196
MDD2255992.1,-0.17230645161290314
WP_124991505.1,-0.17170454545454525
MBE6434726.1,-0.1541215106732346
MBN2596351.1,-0.17628849270664487
MBK5202213.1,-0.17960720130932897
WP_101260742.1,-0.16519480519480498
WP_047449437.1,-0.15257799671592762
WP_154202169.1,-0.1749999999999998
MCQ2364133.1,-0.19110741049125723
WP_101310410.1,-0.1700487012987011
MBN1463975.1,-0.17638247011952182
MBQ9096751.1,-0.1590640394088668
WP_156195883.1,-0.16856214459788763
MBQ4594658.1,-0.1591783073130647
MCD4653532.1,-0.14609128630705387
MCX7697052.1,-0.1881722177091794
MBQ3525950.1,-0.17372357723577228
MBR2145497.1,-0.15264730290456413
MBR1982877.1,-0.15073736536868249
MBE6409591.1,-0.15501650165016478
MBR5195199.1,-0.15910447761194005
MBE6416340.1,-0.16086307053941884
MBQ2869492.1,-0.1539072847682117
MCX7862118.1,-0.2075967741935484
MBQ2813958.1,-0.1599174917491747
MBP3500093.1,-0.15757676348547695
MBQ9829266.1,-0.16579253112033174
MCD7799223.1,-0.15644479248238038
MBQ6941760.1,-0.168831814415907
MBR4108234.1,-0.15570480928689862
MCD8070576.1,-0.15560975609756075
GAP69506.1,-0.17438511326860837
MCC8021898.1,-0.16004713275726612
MBQ3239944.1,-0.16257261410788362
MBQ8516772.1,-0.15365289256198322
WP_288021694.1,-0.1992115848753017
MDD6813874.1,-0.1521571906354513
MBI9030618.1,-0.18665562913907274
MCI6982187.1,-0.16036758563074333
MCI7697852.1,-0.16508757297748106
WP_173074540.1,-0.1961674718196457
MCI7005587.1,-0.1620217209690892
MDA3899846.1,-0.18666119770303524
MBK6934995.1,-0.1852842273819054
WP_264404932.1,-0.1988525896414343
OQC48487.1,-0.18775119617224875
MCD6181384.1,-0.18178780284043433
WP_007173728.1,-0.1580261011419248
MCX7987049.1,-0.21482758620689676
HCK99706.1,-0.19085209003215436
KPJ67678.1,-0.22946098149638006
WP_288085174.1,-0.2009253246753247
WP_223927063.1,-0.20399026763990274
MBN2436896.1,-0.18088962108731446
MBQ8222172.1,-0.18999999999999978
WP_219430176.1,-0.1939757085020242
MBN1498798.1,-0.17497520661157012
WP_288152742.1,-0.20077858880778593
MBR4157196.1,-0.18201938610662335
WP_289126608.1,-0.19708737864077663
WP_013264222.1,-0.19123376623376612
WP_287334538.1,-0.193991902834008
WP_211811680.1,-0.19123376623376612
MBQ3593978.1,-0.18348387096774174
WP_287356574.1,-0.19572123176661255
WP_219482621.1,-0.18944038929440377
WP_287376455.1,-0.195912408759124
MBE6337913.1,-0.17869354838709656
WP_287343115.1,-0.19705501618122967
MBO5679280.1,-0.17304700162074532
WP_287339660.1,-0.18976441917140524
WP_219433503.1,-0.19734726688102888
MBR2050939.1,-0.16957928802588973
WP_278564858.1,-0.19066343042071182
MBO7283593.1,-0.17447712418300632
MBQ3207797.1,-0.16606851549755278
MBE6246178.1,-0.17694308943089412
MBO5849466.1,-0.18580379225061808
MBO7203759.1,-0.1759673469387753
MBR5190190.1,-0.16569568755085412
WP_287392418.1,-0.1960551948051947
MBR5240642.1,-0.18547657512116303
MBF1635807.1,-0.18801948051948036
WP_219540480.1,-0.192840909090909
MBR5824958.1,-0.16706742485783893
MBR5238655.1,-0.16706742485783893
MBQ5881946.1,-0.17639934533551535
WP_278571277.1,-0.19589702333065157
MBR5147532.1,-0.1827986906710309
MBQ8761144.1,-0.18512315270935936
MBO5135488.1,-0.17156528791565268
MBE6342531.1,-0.1835475996745319
MBQ5803267.1,-0.185813765182186
MBR5323243.1,-0.18286871961102089
MBE6225376.1,-0.1784240454914702
MBQ1933036.1,-0.18042345276872943
MBQ2852070.1,-0.17837704918032765
MBQ7042027.1,-0.175252032520325
HIQ84503.1,-0.17733552631578925
MBM6993626.1,-0.15190515126737514
MBO7198471.1,-0.1639674796747965
MBQ8721185.1,-0.16925835370823122
MBQ6574129.1,-0.18034174125305114
MBR2360991.1,-0.1832168968318438
MBQ8049371.1,-0.16613376835236518
WP_004361129.1,-0.18788321167883196
MBQ4547888.1,-0.18459901800327314
WP_287332392.1,-0.19462225832656366
WP_036922997.1,-0.18669918699186977
WP_219438575.1,-0.19482258064516117
MBR4088321.1,-0.17829545454545437
WP_287352794.1,-0.19446428571428562
MBO7281979.1,-0.17866558177379963
MBF1578095.1,-0.19411669367909226
WP_211822344.1,-0.20150242326332793
WP_211793110.1,-0.19835218093699508
MBE6226559.1,-0.1861151662611515
MBO7186030.1,-0.1596900489396409
WP_025839328.1,-0.2001293451899758
WP_211805809.1,-0.19138911454102345
MDD7317252.1,-0.17082236842105236
WP_036892824.1,-0.21091202582728005
WP_219484512.1,-0.19460112812248176
MBQ5925994.1,-0.17588907014681868
MBO8479488.1,-0.17482815057283121
WP_287348541.1,-0.19266828872668276
CCY15450.1,-0.17253289473684186
WP_278994450.1,-0.19378466557911897
WP_116617337.1,-0.21554838709677432
WP_036863288.1,-0.19357027463651044
MBR5770686.1,-0.1679773462783169
MBE6196912.1,-0.17831168831168814
MBR3895630.1,-0.18173983739837377
MBR5853876.1,-0.17955846279640203
MBQ8875689.1,-0.17665584415584393
MBF1603647.1,-0.19154471544715435
WP_115154308.1,-0.17317817014446205
WP_004343049.1,-0.17624699278267822
MBQ5738657.1,-0.16597233523189564
CCY80763.1,-0.18753883892068665
WP_270776664.1,-0.17148356054530853
MBO5800727.1,-0.1844153720359769
WP_219479378.1,-0.17916733386709346
MDD6517742.1,-0.18627737226277366
MBE6250068.1,-0.16973017170891228
MCI7314286.1,-0.18472402597402574
MBQ8493830.1,-0.17731051344743254
MBR5332969.1,-0.17012987012986988
MBQ2303625.1,-0.1660522022838497
MBO5080851.1,-0.17616194331983784
MBQ4056951.1,-0.1765287915652877
WP_021853457.1,-0.19392156862745086
WP_235394218.1,-0.16999188969991866
MBO7306929.1,-0.17800648298217156
WP_270767583.1,-0.17448717948717926
MDD7557359.1,-0.19416189697465228
WP_004337025.1,-0.19876823338735813
WP_025003068.1,-0.16456769983686761
WP_036866476.1,-0.20184615384615384
MBO7188965.1,-0.17141455437448871
WP_007411628.1,-0.17141940657578164
MCI6130034.1,-0.17145867098865455
MBQ8239256.1,-0.18397736459175404
MBD9229202.1,-0.18324939073923616
WP_235400051.1,-0.1652759740259738
WP_288329574.1,-0.17479935794542517
MBR2976108.1,-0.16019417475728134
MBO7242639.1,-0.1810457516339867
WP_288202928.1,-0.1873142857142855
WP_154534908.1,-0.1799195494770715
WP_021903614.1,-0.1887928221859704
MBO5838781.1,-0.1660522022838497
CQB87083.1,-0.18571428571428547
MBQ1192206.1,-0.16605220228384973
MBQ3248209.1,-0.1625040650406502
HCJ47316.1,-0.1835967741935483
WP_018028297.1,-0.19026894865525654
MCD4829131.1,-0.14487520798668868
MBR5151132.1,-0.16895036615134235
MBR5864748.1,-0.16395121951219485
MBQ3174184.1,-0.1625040650406502
OKZ03650.1,-0.17884364820846882
HIR82635.1,-0.17705451586655796
WP_262280124.1,-0.1831536604987932
MBO5819972.1,-0.17714983713355026
MBO5882539.1,-0.16156957928802568
MBQ2386955.1,-0.15970612244897942
WP_288490819.1,-0.20508502024291497
HIU89279.1,-0.16735632183908022
MBQ4589831.1,-0.1717694805194803
WP_211796082.1,-0.19861224489795914
MBO5890463.1,-0.17689430894308922
MBE6319246.1,-0.17350121852152697
MBS7358892.1,-0.15860615883306295
WP_004346902.1,-0.17333333333333312
MCX7954871.1,-0.2178787878787881
MBQ5594913.1,-0.18253061224489772
MBR5201094.1,-0.16207792207792182
MDD6553809.1,-0.187477551020408
MCI6702158.1,-0.15552674230145846
MBR5275709.1,-0.1688292682926827
MBO8452805.1,-0.16606851549755283
WP_023926029.1,-0.1937469387755101
WP_219403429.1,-0.1937469387755101
MBO7313280.1,-0.17689430894308922
WP_112199992.1,-0.18770867430441882
WP_004362350.1,-0.19390522875816985
MBR5551317.1,-0.16435207823960854
CDF22383.1,-0.1778119935170176
MCH4018578.1,-0.1874008097165991
MBR2866679.1,-0.15912266450040596
MBF1455802.1,-0.19390522875816985
WP_036864771.1,-0.19651465798045603
MBQ8366396.1,-0.16986234817813742
WP_100015473.1,-0.19520391517128866
MBQ8205576.1,-0.1753371242891955
MCI2087693.1,-0.18711398544866603
MBO5831497.1,-0.18923694779116457
MCH3991401.1,-0.18726537216828468
WP_097646413.1,-0.19390522875816985
MBO5820803.1,-0.16628571428571406
WP_219451140.1,-0.19346905537459275
WP_281669312.1,-0.1638906752411573
WP_100013629.1,-0.1968515497553017
WP_099836545.1,-0.19228758169934632
WP_097656837.1,-0.1968515497553017
MCI2137755.1,-0.1856472491909384
WP_088401019.1,-0.19537959183673462
WP_273159739.1,-0.1881138211382113
MBF1514208.1,-0.19362153344208805
WP_215758838.1,-0.1963739837398372
WP_288904539.1,-0.1892559280457888
WP_100189601.1,-0.19537959183673462
MBR5132522.1,-0.1810947712418298
MCI1291315.1,-0.1857975708502023
WP_024997833.1,-0.19685154975530172
WP_040557063.1,-0.19685154975530167
MCI1450709.1,-0.1840291262135921
MBQ2045756.1,-0.15802610114192472
WP_025000513.1,-0.1912103980503655
MBQ5737215.1,-0.16776508972267515
NLI36254.1,-0.17372580645161267
MBR4963891.1,-0.16355446355446335
EGQ14326.1,-0.19685154975530167
MBP7004224.1,-0.17385373870172535
MBO5672221.1,-0.16286878565607152
MBP6423628.1,-0.1742833607907741
WP_278585446.1,-0.1905930807248763
WP_211817540.1,-0.18665040650406486
WP_088438920.1,-0.19962571196094378
MBR5819154.1,-0.16626938775510183
HIW97341.1,-0.1780687397708672
WP_035473011.1,-0.168972884141331
MBO8471979.1,-0.1785878489326763
MBO8448307.1,-0.1867046379170055
WP_207155370.1,-0.18233744855967063
WP_060933295.1,-0.21021721641190677
MBP9547379.1,-0.1711294311624071
MBQ4498750.1,-0.16933985330073328
MBE6302656.1,-0.17292483660130697
WP_134849336.1,-0.19294308943089408
WP_287366211.1,-0.1936459175424413
MCI6159940.1,-0.15309387755102027
WP_217757585.1,-0.18616382806163806
MBR8715577.1,-0.19294308943089408
HIZ15888.1,-0.17413202933985308
WP_026215536.1,-0.19441104792851321
WP_022251642.1,-0.1876337115072932
MBQ2439712.1,-0.1879934479934478
MCI1681640.1,-0.1902689486552566
MCI5813911.1,-0.17515151515151495
WP_130830683.1,-0.1880909829406985
MBP8758187.1,-0.18190476190476174
MDD4590052.1,-0.18211631663974132
WP_118527211.1,-0.19553921568627433
MBO5741599.1,-0.1785528455284551
WP_227948594.1,-0.1962469536961819
MBQ2370921.1,-0.19142622950819657
MBR3939050.1,-0.1819032258064514
WP_120174010.1,-0.19920519059205188
WP_044269488.1,-0.18439901880621404
MBR6805530.1,-0.17283171521035576
WP_007210494.1,-0.18911764705882342
WP_147785839.1,-0.18661788617886169
MBQ3151869.1,-0.16666126418152324
OKY82399.1,-0.17166257166257146
MBE6268645.1,-0.16814574898785403
MBO5748439.1,-0.19126945126945114
MDD7437510.1,-0.19917207792207778
MBO7279420.1,-0.17735941320293375
MBQ2786878.1,-0.16773828756058137
MBR4294103.1,-0.16991896272285228
MBP3547532.1,-0.1886482084690552
WP_021988492.1,-0.16883415435139554
MBQ5829178.1,-0.20325123152709346
HIT47768.1,-0.18383223684210503
MBQ5688700.1,-0.18677966101694893
MBQ5856555.1,-0.19143548387096757
MBO5956143.1,-0.17684125705076525
WP_018463420.1,-0.19085854456255105
WP_204865042.1,-0.19742301458670986
MBR4871264.1,-0.17033306255077152
MBP7472132.1,-0.17856451612903207
MBQ2958872.1,-0.19837438423645304
MBO7201803.1,-0.18428104575163382
MBR5855869.1,-0.1950651465798044
MBQ1227188.1,-0.15346938775510188
MDE5702335.1,-0.1938448979591835
WP_024994300.1,-0.16997542997542975
WP_149925559.1,-0.1956372549019607
MCF0166858.1,-0.19304838709677413
MBQ3234475.1,-0.20180772391125704
MBE6218505.1,-0.20472518457752245
MBR2109922.1,-0.20310090237899905
MBR6815563.1,-0.14662866449511386
MBP7984158.1,-0.19528089887640435
WP_205096061.1,-0.18312858312858296
MBR5831790.1,-0.18261437908496714
MBR5778197.1,-0.17315875613747936
WP_060940368.1,-0.1957988645579886
MBR4043756.1,-0.1700405515004053
MBQ8770120.1,-0.17646390916463886
MBQ1980276.1,-0.15336052202283834
WP_075317650.1,-0.18463175122749576
MBQ5785725.1,-0.15998367346938758
MCI1246504.1,-0.21914378029079185
MBP8935951.1,-0.20387672343876723
MBO5697768.1,-0.18829508196721292
MBR3590773.1,-0.206551724137931
MBR4029244.1,-0.17427406199021184
WP_274288710.1,-0.19579886455798856
HJH60918.1,-0.2000326264274061
CCZ47814.1,-0.18500813008130068
WP_252760288.1,-0.2146763754045309
CCX62824.1,-0.1875980392156861
WP_276825780.1,-0.18163934426229492
MDC6279664.1,-0.1861161079313163
WP_025874838.1,-0.1959415584415584
CCX67562.1,-0.197495908346972
WP_276865017.1,-0.18178835110746497
MBQ3043446.1,-0.17954248366013048
MBO7233700.1,-0.18902024291497954
MBR5804153.1,-0.19094890510948886
MBQ7945669.1,-0.17712407559572702
WP_277069137.1,-0.19579886455798856
MBO8459664.1,-0.19381224489795898
HIZ90875.1,-0.18787234042553178
MBO7259335.1,-0.19382995951416984
WP_276648113.1,-0.1852605863192181
MBO5901997.1,-0.1736363636363634
MBR4845204.1,-0.17834281072298921
WP_094881501.1,-0.18821138211382096
HIS22536.1,-0.1759836734693875
MBQ2026231.1,-0.19044045676998353
WP_115082704.1,-0.1823001631321369
MBQ2784133.1,-0.17597063621533418
MCI6105786.1,-0.1822004889975548
CCY02831.1,-0.17672131147540962
WP_276638992.1,-0.1824489795918366
MBP3432856.1,-0.18783319705641846
HIR95889.1,-0.16437860082304503
WP_077196798.1,-0.19461290322580638
MBR4046433.1,-0.1791190864600324
WP_286685218.1,-0.1862029459901798
WP_276636941.1,-0.1852605863192181
WP_021994243.1,-0.184399018806214
MBO8485762.1,-0.18454991816693922
MBN2508879.1,-0.16168473728106755
WP_276710002.1,-0.18081632653061208
MBP7563396.1,-0.17490259740259737
HAM29170.1,-0.1801804757998357
MBO5716545.1,-0.17448163265306096
MBQ5709947.1,-0.17779411764705863
MCI6132446.1,-0.1822004889975548
WP_006043878.1,-0.18378158109209444
WP_094391071.1,-0.16915309446254048
WP_072546241.1,-0.18208709942481496
WP_028896951.1,-0.18297077922077906
MBF1514878.1,-0.1818551668022781
WP_004356271.1,-0.18329778506972916
WP_021669263.1,-0.18642622950819662
WP_278670511.1,-0.17582381729200633
MBD9042689.1,-0.17868637110016397
MBO8453792.1,-0.18144144144144123
MBO5832559.1,-0.18150974025974004
MCI5989102.1,-0.1756805215973918
WP_278927126.1,-0.17582381729200633
MBO5155703.1,-0.18019512195121928
MBR4153956.1,-0.16532877882151992
WP_118354891.1,-0.17582381729200633
WP_217317426.1,-0.17582381729200633
WP_205105718.1,-0.19720588235294098
WP_007901005.1,-0.1727020408163263
CCY36578.1,-0.15988448844884467
MBO7249078.1,-0.17921632653061204
HIR72765.1,-0.1706491372226785
MBO5804278.1,-0.17257748776508947
MBO5017992.1,-0.17217886178861763
HIZ86191.1,-0.162264150943396
HIR33846.1,-0.16604115226337424
CDB04366.1,-0.17433469387755077
MBR2428712.1,-0.16677367576243957
HIR63386.1,-0.17069843878389457
HIZ87253.1,-0.16799670239076647
MBQ2242764.1,-0.1743673469387753
MBR2367741.1,-0.17789215686274487
MCD6497211.1,-0.15963394342762047
MBE6203135.1,-0.1707567127746133
MBO7321913.1,-0.17096247960848263
WP_009130386.1,-0.19511002444987763
MBQ2133220.1,-0.17593469387755079
MBD9094668.1,-0.1921632653061223
WP_073313578.1,-0.18920686835650022
MCF0192977.1,-0.20245499181669394
WP_117694155.1,-0.19068627450980374
MDD3051982.1,-0.2034423676012462
MBR6720617.1,-0.18444444444444422
MCI5913291.1,-0.18063569682151573
WP_130070127.1,-0.19068627450980374
PKN80204.1,-0.1815181518151814
MCK9330269.1,-0.2062894098625708
WP_007659628.1,-0.18731428571428557
OKZ26994.1,-0.19258718572587172
WP_286814494.1,-0.18716150081566055
MBQ1185821.1,-0.16021164021164008
MBE6176336.1,-0.1710617283950615
HIY37264.1,-0.18745098039215666
MCD7941975.1,-0.18537897310513426
NQU45345.1,-0.17440582053354883
WP_285947804.1,-0.19073529411764692
WP_118423574.1,-0.18672091131000798
MBQ8775261.1,-0.18486486486486464
MBN2416660.1,-0.18659432387312183
MBP8687461.1,-0.20241883116883116
HDL65325.1,-0.1836454018227008
MCP3964849.1,-0.21030595813204525
NCD32823.1,-0.20182857142857152
MCF0195233.1,-0.18865525672371622
MBQ9456064.1,-0.20228710462287114
MCF0183893.1,-0.1870904645476771
MCX7049752.1,-0.16299835255354184
MBI5843221.1,-0.18364842454394686
PKN49840.1,-0.14601175482787565
HHI68546.1,-0.17174603174603162
MCF7854288.1,-0.1916527545909849
MBR0192601.1,-0.20855753646677483
PKN74987.1,-0.18363937138130695
MDC7219651.1,-0.13678891605541954
MDA3799329.1,-0.2001990049751243
MBQ7395075.1,-0.18630486831604143
MBW2703063.1,-0.17952184666117058
MCR5162838.1,-0.20389294403892955
NLW18858.1,-0.15603319502074667
MCB5224530.1,-0.15774273858921148
MBU2488769.1,-0.17788509575353864
QSH42083.1,-0.19490228013029323
NLB95077.1,-0.15331703341483274
MBQ2556609.1,-0.17387096774193542
MBR6388012.1,-0.17548387096774187
MBQ1336867.1,-0.17239709443099263
MDD2238025.1,-0.20099009900990109
MCB5250724.1,-0.18751633986928115
MDD5728672.1,-0.2187096774193551
WP_025209516.1,-0.2198123534010948
WP_181549468.1,-0.1620616883116881
MBQ3823391.1,-0.174168012924071
MDD3589677.1,-0.1697774244833067
MBI9077006.1,-0.21577208918249396
WP_073472661.1,-0.18803305785123967
MBO8131669.1,-0.24120985810306234
WP_073378844.1,-0.20140495867768599
MBN2560048.1,-0.1484628378378377
WP_089322991.1,-0.19277648878576936
MBQ7402799.1,-0.17520128824476647
MDD4816708.1,-0.17097942386831258
MBN1809482.1,-0.16664418212478907
MCR5183719.1,-0.22413793103448304
WP_013681434.1,-0.21378716744913945
MBS7337703.1,-0.1875120385232744
MDD5698284.1,-0.19270511779041435
MCF8037047.1,-0.15289902280130271
MBP7977014.1,-0.16582914572864305
MBE6406711.1,-0.18610932475884256
MCK9182011.1,-0.19265273311897108
PKN37486.1,-0.1952504038772212
MBQ9372919.1,-0.19085943775100403
MBW6516020.1,-0.19080906148867322
MCK9294873.1,-0.19569131832797423
MBO4545020.1,-0.19578253706754548
MBP9037540.1,-0.16077985377741677
WP_028313492.1,-0.18864013266998336
MBR5623392.1,-0.21159539473684216
WP_015947161.1,-0.19043983402489623
MBQ9874581.1,-0.19476800000000002
MDD4294608.1,-0.2578436213991772
MBR6461021.1,-0.19099752679307516
MBQ7208897.1,-0.20151857835218104
OGV36814.1,-0.2158598726114651
MBQ2789571.1,-0.20117073170731722
MCF8110454.1,-0.16453957996768967
MCL1857212.1,-0.1919632414369256
WP_176014778.1,-0.17569682151589242
MBO7447963.1,-0.21924528301886811
MBO4553201.1,-0.2145320197044336
HHW91747.1,-0.21887924230465697
MBP5531370.1,-0.1892013311148086
MBN2533923.1,-0.22528239202657832
MBQ9753546.1,-0.1821428571428572
MBO7391930.1,-0.2031733116354762
MBO7434575.1,-0.21778325123152723
MBP5627414.1,-0.21778325123152723
MBE6408937.1,-0.1797870597870598
MBR4249393.1,-0.19716150081566083
MCI7642869.1,-0.1746234817813765
MBR4884822.1,-0.17993442622950823
MBR4076502.1,-0.19347576006573547
MBQ7400911.1,-0.1830630630630631
MBN2441149.1,-0.21140728476821205
MBU4263880.1,-0.20646962233169128
HHX41864.1,-0.1554710743801651
MBR4751022.1,-0.1647115384615383
MBO7107514.1,-0.20332247557003277
MCE5210104.1,-0.17324611610793111
NLX57605.1,-0.15879038939519452
MBE6427316.1,-0.1827370156636438
MBQ9813698.1,-0.16459567654123283
MBR2357454.1,-0.16711001642036116
MBS0012403.1,-0.15746918652423972
KQC08588.1,-0.18774716369529967
WP_013536837.1,-0.18057767369242766
KFO66364.1,-0.19140536149471965
MBW6513517.1,-0.1419275123558483
MCI6287979.1,-0.18058043117744613
MBQ6352358.1,-0.19104079933388846
MBP7017090.1,-0.2034761519805982
MBR6462185.1,-0.20426094137076792
HHO75024.1,-0.2041233766233767
MBN2498172.1,-0.1475021168501268
MBE6369948.1,-0.1970711974110033
MBO5307369.1,-0.1864012997562957
MBQ7234783.1,-0.16271828665568353
WP_132527001.1,-0.18331775700934563
MCF8028193.1,-0.15407224958949073
MCF8095413.1,-0.16409347300564042
KIE17298.1,-0.21445880452342497
MBO7524374.1,-0.20734793187347952
MBO4491481.1,-0.17990090834021474
MBR6463796.1,-0.19024630541871937
MBQ2822276.1,-0.18468085106382978
MBR7127412.1,-0.19567524115755638
MBR0196988.1,-0.18561316872427971
MBU0910548.1,-0.20004930156121603
MBR4820647.1,-0.2210587262200167
WP_035588987.1,-0.22018927444794975
HBI47637.1,-0.19838449111470102
MBP7230287.1,-0.19209377526273236
MBR2722968.1,-0.20264516129032265
MBE6373524.1,-0.19630695443645105
MBR4652680.1,-0.16922693266832903
NNF99341.1,-0.2054248366013072
RUM43802.1,-0.18161867704280135
MDD5524921.1,-0.20068071312803884
MDD5343583.1,-0.20112103980503648
RUM86934.1,-0.1620140515222481
NMC97513.1,-0.20637610976594026
MCD6280676.1,-0.2324757281553401
WP_012505583.1,-0.21067103109656315
MBR7139676.1,-0.17654424040066777
WP_142935844.1,-0.14804059328649483
MBP3395369.1,-0.2074074074074075
MBQ6108742.1,-0.22497972424979754
MBQ5789140.1,-0.19560131795716656
MBQ9788937.1,-0.20176565008025693
MBE0585906.1,-0.20272878535773706
WP_114617364.1,-0.20449180327868866
NWF91524.1,-0.19577881619937706
WP_012175842.1,-0.1828663967611335
MBP5286083.1,-0.1713955408753095
WP_283400829.1,-0.1945979703356751
MBN2298472.1,-0.19674267100977202
MBR1967072.1,-0.19555555555555562
MBO5763435.1,-0.17091764705882342
WP_114607121.1,-0.18059161873459334
MBR2981848.1,-0.16758389261744955
MBQ4335966.1,-0.19017915309446268
MBR4750633.1,-0.1820177562550443
MBO6167881.1,-0.171754966887417
MBP5621676.1,-0.18115662650602404
WP_139626507.1,-0.21638455217748584
MBO5723995.1,-0.19331691297208548
WP_068867062.1,-0.21150369761709134
MBF0224962.1,-0.24083668543845563
MBR4833260.1,-0.19510271158586703
MBN2231562.1,-0.15466034755134261
HIV08709.1,-0.17088944305901893
OJF77339.1,-0.19883003952569178
MBP3558799.1,-0.1874299835255356
MBQ9501416.1,-0.183960880195599
MBQ9801335.1,-0.18961983471074395
MBO7165982.1,-0.1898097601323407
MBP5285263.1,-0.1866556291390728
MBQ7111098.1,-0.18249376558603506
MBE6391443.1,-0.18640458640458646
WP_022847433.1,-0.20811067193675897
MBQ7394112.1,-0.19078431372549032
WP_221172680.1,-0.186199203187251
WP_284152540.1,-0.18577487765089712
RUM90258.1,-0.1512187499999999
MBR2962599.1,-0.18605111294311627
WP_121171465.1,-0.16071317829457352
MBE6366635.1,-0.1592851205320032
MBR4318180.1,-0.1393029045643153
WP_076713409.1,-0.19754358161648175
MBQ8126476.1,-0.1627787021630614
MDD2462941.1,-0.18938675388389192
MBQ7814668.1,-0.1809060955518947
MBN2041202.1,-0.23556270096463047
MBQ6597375.1,-0.20068627450980414
MBQ9787947.1,-0.17972447325769866
WP_085659674.1,-0.20004926108374396
OGP67885.1,-0.18212168486739483
HEC67399.1,-0.2034466403162056
MCX8021907.1,-0.22735056542811016
MCK4304775.1,-0.19064162754303604
MBP3529896.1,-0.18852917009038636
KUK51218.1,-0.2534894613583141
MCK5022326.1,-0.2142147435897438
MCI6590178.1,-0.16703855619360114
RLB62267.1,-0.18749999999999978
MBE6398152.1,-0.16349206349206333
MCX8110668.1,-0.23383627608346738
MCX7965888.1,-0.2533015873015875
HED31365.1,-0.1970888157894738
MBR5709860.1,-0.1917898193760262
MDD2671339.1,-0.2005020242914981
MCD6215242.1,-0.20458990536277608
MDD6337997.1,-0.1816198347107438
MBR0237966.1,-0.1927693535514765
MBR7130921.1,-0.2056255110384302
OQC47754.1,-0.2214432989690725
MBQ4384876.1,-0.19052282157676345
MCQ2367847.1,-0.18064784053156135
WP_066060411.1,-0.199034045922407
MDD3886577.1,-0.18197044334975376
WP_163329031.1,-0.20898278560250394
MBP7089543.1,-0.2235930047694757
MBR2374610.1,-0.1728104575163399
NPV05853.1,-0.17674037674037654
MBO7207682.1,-0.18734219269102978
MBQ2620372.1,-0.18640458640458632
MDE3275300.1,-0.17891122278056934
MCK9556720.1,-0.17098684210526324
MBR4254503.1,-0.17381938690969348
MBE6403326.1,-0.1752780016116035
OPZ58434.1,-0.20299430431244922
NLK61679.1,-0.1787848932676517
OGP62792.1,-0.1763534136546185
MCK9264201.1,-0.1923654159869495
MDD2714872.1,-0.2113853503184716
MBR6240331.1,-0.18325619834710746
MBQ9337941.1,-0.20911111111111136
MBQ4470890.1,-0.1665565648224606
TET54749.1,-0.18026016260162597
MBE6366211.1,-0.1998062953995159
MCL5125232.1,-0.19168935148118504
MBO7654366.1,-0.15961698584512887
MBO7146745.1,-0.20291293734743704
MBQ7730866.1,-0.18143682906688693
MBO5642495.1,-0.19392026578073088
MBP8696537.1,-0.17904605263157877
WP_207679133.1,-0.1870248596631916
MDD5708402.1,-0.1711016949152541
MCX8032609.1,-0.15399688958009308
MBS7287026.1,-0.17582214765100657
NWF76119.1,-0.22505409582689365
MDA8406865.1,-0.191483870967742
MBQ3351664.1,-0.19550955414012747
WP_013639049.1,-0.18767058823529395
OQB03128.1,-0.17667485667485652
MBN2332686.1,-0.19736842105263147
MDD2332043.1,-0.16464197530864186
MCK4912605.1,-0.28911858974358995
HIV03918.1,-0.1691196013289035
MBO7206517.1,-0.18316930775646362
WP_094082639.1,-0.17524834437086093
MBQ6159139.1,-0.19167479674796753
MBR4718399.1,-0.17471947194719475
MDD5008271.1,-0.22528422738190587
MCD6569403.1,-0.2166453674121408
MBA3028452.1,-0.2183386581469651
MCU0598244.1,-0.1895092518101368
MCK4512781.1,-0.16336842105263136
MCD4690051.1,-0.12912251655629126
MBE6356533.1,-0.1884784377542719
MBU0534484.1,-0.26311605723370446
PKN10448.1,-0.1842469135802469
HDL08507.1,-0.20038247011952198
MBE6381287.1,-0.18116107931316439
MBP8650584.1,-0.18755918367346944
MBO7721073.1,-0.16277544154751877
MBR3822733.1,-0.18612822647793487
MBR7103578.1,-0.1951100244498778
MBO7308086.1,-0.18569767441860455
MBE6389041.1,-0.19819209039548039
MBR3505849.1,-0.18308835672997528
MCX8124136.1,-0.21946202531645595
MBR5414597.1,-0.18422330097087364
MBU4533585.1,-0.1611228641171682
KUJ95241.1,-0.21310611928737438
MBQ3099208.1,-0.18942547876769344
OPZ26719.1,-0.1905134474327629
MBP8625169.1,-0.20929600000000018
PKN03984.1,-0.1857401315789474
MBO7298263.1,-0.20584890333062564
MBR2693218.1,-0.1834796747967479
MBU4318659.1,-0.2248760991207038
OPY05042.1,-0.17327828241123017
MBE0425479.1,-0.2185446009389675
OQB54683.1,-0.1967022149302708
MCD6353068.1,-0.24867355043685485
MBR6732829.1,-0.17529411764705866
MDD2865863.1,-0.20472906403940894
MBR4894727.1,-0.18013366750208837
MCG2751741.1,-0.22114779874213872
MBR2345968.1,-0.19357436318816776
MBR5160620.1,-0.18802620802620795
OPY82749.1,-0.16404220779220785
MBO5437088.1,-0.17952575633687654
MBN2467727.1,-0.2196009577015166
KUK43095.1,-0.18484702093397737
NLD80824.1,-0.19818032786885256
OPY75859.1,-0.21206070287539958
MCU0530858.1,-0.18650286650286635
MBP3405422.1,-0.1865943238731217
MCK5540388.1,-0.1838740157480313
WP_198470461.1,-0.19467625899280583
MDD5538557.1,-0.19985221674876855
MBN2705414.1,-0.1919713831478535
MBE6426834.1,-0.17360131255127148
WP_092062441.1,-0.2078443579766539
MBQ9431604.1,-0.16673283705541753
WP_014163966.1,-0.1912238325281803
NOQ86024.1,-0.22464856230031985
KUK39932.1,-0.20838607594936726
MBQ2281893.1,-0.20514979757085033
MBP5319879.1,-0.16119800332778686
MBR2921032.1,-0.1872033195020746
HCM16148.1,-0.1403002502085069
MBR4937599.1,-0.17256857855361576
MBE6399641.1,-0.19182266009852228
NLG19780.1,-0.1866937449228271
MBR7121376.1,-0.1770243902439025
MBO8154378.1,-0.20378463974663508
MBO5307815.1,-0.16841932841932838
MBQ4106632.1,-0.18431372549019615
MBQ9776300.1,-0.17141455437448894
MDA8408176.1,-0.21035426731078918
MBO7726682.1,-0.2018932038834952
MCI5779667.1,-0.18861133935907973
MCD6320347.1,-0.20454895913646895
MBQ8755254.1,-0.17021311475409834
MBO5775016.1,-0.18306922435362788
MBK7550380.1,-0.16430921052631564
WP_147819654.1,-0.1479002413515686
MBP6914474.1,-0.204869706840391
HHV52965.1,-0.20080824088748028
WP_028574691.1,-0.1564274061990211
MBE6401261.1,-0.17085570469798642
MBO7329082.1,-0.20606997558991055
MBW2652570.1,-0.2214376996805115
MBO7223345.1,-0.21254237288135613
MBQ9089117.1,-0.1892886345053148
MDD4789893.1,-0.14504579517069086
MCB5263829.1,-0.1434999999999998
MBO5688766.1,-0.19820846905537468
MBP8673297.1,-0.19923930269413634
MDA3896780.1,-0.20600000000000007
MBE6395172.1,-0.19982084690553753
WP_168720217.1,-0.18236220472440934
MCM8801101.1,-0.24586645468998441
MDD5414652.1,-0.18565789473684216
MBW1702838.1,-0.20533762057877825
WP_068670257.1,-0.215488482922955
MBQ4144406.1,-0.17560260586319218
MDD5316694.1,-0.1419516263552959
MCD6417907.1,-0.1819173811379579
HDG67799.1,-0.14461054287962224
NTV81231.1,-0.18547231270358297
MBS3758824.1,-0.17133921411387307
MBR6802852.1,-0.17041459369817566
MCJ7749195.1,-0.19985904463586543
MBR5591072.1,-0.1808885163453477
MBE6375890.1,-0.19801464605370225
PIV20517.1,-0.23084507042253546
MBQ6704475.1,-0.17295206055508813
MCK5011095.1,-0.22568924302788881
MBT7304430.1,-0.17260408163265298
NLL83815.1,-0.16686919831223618
WP_123288594.1,-0.19082802547770703
MBR2438934.1,-0.20032653061224498
MDD3296331.1,-0.23721498371335534
MBR6798006.1,-0.17085570469798644
MBE6377191.1,-0.18731428571428574
MBQ4328141.1,-0.18939443535188222
MBP8179249.1,-0.2332069510268565
OPZ58794.1,-0.17941908713692956
MBR1953013.1,-0.19725490196078438
MBN1698591.1,-0.17919275123558476
MBE6358515.1,-0.2042404549147036
NMC50678.1,-0.1788216810683424
HDS16354.1,-0.18350119904076717
MDD4909674.1,-0.20869424168694256
OPY74752.1,-0.26381410256410287
NLF23692.1,-0.14975609756097555
UCF83143.1,-0.18669401148482365
NLN01872.1,-0.14292517006802713
RLA86991.1,-0.1724939467312347
MCX7856368.1,-0.25692800000000027
MDD4539596.1,-0.17987012987012987
MCM8765024.1,-0.18761750405186398
MBP9043822.1,-0.1963278688524591
WP_155324026.1,-0.1889559543230015
MBU0477448.1,-0.24836507936507962
MCD6430456.1,-0.18392374900714833
MBE6384973.1,-0.19761363636363644
RLB12355.1,-0.21180327868852486
HHW54746.1,-0.18307814992025515
MDD5019545.1,-0.2036081632653062
WP_155311484.1,-0.17720624486442058
MCG2830263.1,-0.20274631497284729
MBU4259126.1,-0.20030039525691704
MBA3016900.1,-0.19843725335438048
MBU3949086.1,-0.23706539074960156
MCP4665578.1,-0.19383495145631072
MBR2871888.1,-0.19936636880584896
MDD4061847.1,-0.1515417017691659
MBR2508271.1,-0.19801464605370225
WP_151150714.1,-0.12999186330349863
NLE56285.1,-0.1843111831442464
CBX27241.1,-0.22559743384121925
MCJ7615742.1,-0.19571202531645573
MDD3155296.1,-0.18406199021207187
WP_259500613.1,-0.1890541632983023
MBR2425914.1,-0.19641985353946304
MBU4419817.1,-0.20143533123028398
MBE6362646.1,-0.1959574468085107
OPX97403.1,-0.26293929712460096
WP_163298770.1,-0.15920389926888695
MBF0480285.1,-0.16772182254196624
WP_078717276.1,-0.11593328038125483
MCB5266751.1,-0.14947454844006552
KPJ59697.1,-0.20045490196078442
MBW1689416.1,-0.18844800000000014
MBQ9694785.1,-0.16367854183927077
MBQ7332654.1,-0.1759434746467164
MBI5523472.1,-0.14221503637833452
MBP3302693.1,-0.17404861693210377
WP_242839637.1,-0.1923948220064724
MBW2076281.1,-0.18988009592326152
MBR5622511.1,-0.17211715481171538
NMA46814.1,-0.17577261809447559
MBU3980532.1,-0.19890822784810133
MBI5603487.1,-0.1806031746031746
MBQ8445362.1,-0.17238893545683137
MCF7886841.1,-0.28644588045234254
WP_163302524.1,-0.18549570647931296
MBM4034931.1,-0.19455716586151364
NQT27130.1,-0.2067152103559871
MBW1972770.1,-0.2532438831886348
MBU1206127.1,-0.18481012658227852
MBU2521062.1,-0.21150597609561766
NWG04282.1,-0.1974548311076199
MBW2568024.1,-0.1934195634599839
WP_176631872.1,-0.1640344018764658
MDD4034263.1,-0.15270935960591123
MBE3585737.1,-0.19301948051948045
MBE6387754.1,-0.18910130718954257
MCL6557638.1,-0.17262074425969892
MBW2650112.1,-0.1921207177814029
MBW2062081.1,-0.1764365971107544
MDD5537079.1,-0.14114093959731522
HHU77015.1,-0.18942122186495183
MCX7822242.1,-0.16823070927513625
TSA08751.1,-0.1750934199837529
MBQ9759210.1,-0.17090604026845618
MBQ6102590.1,-0.17417442845046552
MCM8757537.1,-0.25929078014184415
VTR69632.1,-0.19004101722723532
NMA39269.1,-0.2134967320261439
WP_045214764.1,-0.16060162601626
MDD8021441.1,-0.21740598618572557
MRR34649.1,-0.198224374495561
MBT7162696.1,-0.1730278232405891
WP_128700975.1,-0.19248145094806274
MCM8815352.1,-0.19889240506329126
HAJ27658.1,-0.18434008097166002
MBN2104248.1,-0.17364134690681288
MBO5923376.1,-0.18777414075286422
MQY55681.1,-0.25388083735909855
WP_242655960.1,-0.19385610347615193
RLB27797.1,-0.2101936483346246
MDD3699652.1,-0.1776442307692307
UCH08291.1,-0.19846030473135537
MCP4113317.1,-0.2056889605157131
MBA3035317.1,-0.2385273159144896
MCK5595068.1,-0.24296120348376898
MBU4289185.1,-0.22068416865552934
WP_252380950.1,-0.19209155485398582
MCD6595124.1,-0.1812898212898212
MDD3804468.1,-0.1858199356913183
MBU1052287.1,-0.24220820189274475
MBQ3389191.1,-0.18150851581508506
WP_028893919.1,-0.24722445695897055
NVM26031.1,-0.19664813343923757
MBP8601976.1,-0.21178461538461568
MBN2831249.1,-0.2501678657074343
MBQ9726443.1,-0.1675932203389829
KIX12907.1,-0.16602717825739385
WP_197282131.1,-0.1650882825040126
MBW1902622.1,-0.203878691141261
MCF8052811.1,-0.17606851549755298
MBW2143671.1,-0.20531100478468908
MBW2285430.1,-0.19798400000000008
MDD5455362.1,-0.2626506024096388
MCK4403404.1,-0.2576102646351246
MDA8097231.1,-0.1674471544715445
MBN1574340.1,-0.18191673212882956
MCF8078783.1,-0.1701472995090016
MDD5154040.1,-0.17848780487804872
RJP61719.1,-0.1888888888888888
MCD6568115.1,-0.22288761279737518
WP_287042351.1,-0.14732786885245883
MDD5655418.1,-0.2384006462035544
MBU1228615.1,-0.15157384987893444
SHJ54862.1,-0.17195741195741182
NVL93298.1,-0.19450514647664296
MBT3286307.1,-0.16966475878986087
MBE9513931.1,-0.19894736842105273
RZB34462.1,-0.1952290679304898
MBN1225587.1,-0.21471698113207568
RKY38696.1,-0.255047923322684
MCP4747713.1,-0.1766098945660988
MBW1829084.1,-0.1643422114608554
WP_121451419.1,-0.16556818181818161
MCK4390843.1,-0.17412772585669772
MBW1722956.1,-0.17133012820512805
MBM3244097.1,-0.21802588996763778
MDD5450476.1,-0.17834281072298935
MCD6454267.1,-0.25215592680986504
MDD5723842.1,-0.1999178981937603
MCK4468467.1,-0.17678797468354424
PIP39161.1,-0.19399190283400797
WP_013822752.1,-0.1704754098360654
MBW2216273.1,-0.16582258064516117
OIP92967.1,-0.1989061224489797
MBN2398480.1,-0.188318293683347
MBN2187577.1,-0.22673600000000033
MCK5853294.1,-0.20727858293075693
MBN1841729.1,-0.16828393135725425
HBD07288.1,-0.20199203187250997
NMB64626.1,-0.22219589257503983
MBC2715116.1,-0.2108064516129033
MCG2721865.1,-0.2122781774580339
MBD3349751.1,-0.15452560873215762
MBT9438240.1,-0.21220800000000012
MBU4343937.1,-0.18890127388535038
HAV92580.1,-0.16978313253012034
MBW1851465.1,-0.16911270983213414
MBA4396449.1,-0.15471882640586787
MCX5903612.1,-0.2142338072669829
WP_027717842.1,-0.1789819376026271
MCK5118521.1,-0.21772070626003234
MBW2323099.1,-0.19143317230273754
MBD3246181.1,-0.16964401294498369
RLC28200.1,-0.1989228295819936
HDM37997.1,-0.2066561264822135
HFC98210.1,-0.17712715855572989
WP_008868393.1,-0.1525365853658535
MCG6907894.1,-0.16515429524603817
MDD4908986.1,-0.24140435835351115
MDD2653856.1,-0.22843277645186982
MBU1042726.1,-0.15734726688102876
MCX5802318.1,-0.25242594075260244
MCD6473152.1,-0.21419607843137276
MDA3833470.1,-0.17876701361088865
NPA15839.1,-0.21662500000000023
MBW2630872.1,-0.19861337683523664
MCB2189386.1,-0.16093473005640593
MDD4099302.1,-0.20576298701298715
MBN2515123.1,-0.18281945589447648
MBA4357570.1,-0.155489566613162
MCA1905356.1,-0.15056726094003228
OQY16122.1,-0.1686398872445385
MCX7956437.1,-0.2531649565903712
MCM8796943.1,-0.2121246006389779
MBW2561653.1,-0.20495517522412393
MBW2100579.1,-0.19929089443996775
RLE08438.1,-0.23561093247588455
MCK4518591.1,-0.22811755361397965
MCD6124101.1,-0.20759615384615387
RLB20211.1,-0.16616809116809123
UCD72099.1,-0.1790086546026749
MCK5732900.1,-0.21756214915797945
HHH80565.1,-0.20844730490748195
MBA4392706.1,-0.18640822784810135
MCX5895212.1,-0.20056118472330484
MBP8984954.1,-0.19801600000000003
MBW1823638.1,-0.22183722804190203
RKZ26440.1,-0.17498825371965526
WP_166031272.1,-0.20129703763010418
MBW2039970.1,-0.18229921259842505
HBZ54295.1,-0.20677290836653392
RLA93137.1,-0.24578062449959986
MBW2618061.1,-0.17518610421836212
MCD6583963.1,-0.25208366854384584
HED01064.1,-0.18898876404494377
MCJ7547027.1,-0.20555819477434692
MCD4778168.1,-0.2211004784688998
KPK46079.1,-0.21769169960474344
MCD4763335.1,-0.21968076616121335
MDD5155130.1,-0.2064510913500405
MBW1675657.1,-0.18083713850837138
RJP55150.1,-0.19553772070625997
MBU1398072.1,-0.20513643659711084
MBM3251487.1,-0.2383737294761535
RKX61952.1,-0.1524528301886791
NLG94546.1,-0.20300242130750595
MCX5916946.1,-0.1564959999999998
HID60193.1,-0.19464947622884787
MDD2927967.1,-0.2026913779210316
MCK5328298.1,-0.2145264847512041
MCL6621957.1,-0.2078090766823163
WP_022670372.1,-0.21677621283255097
MCD6138960.1,-0.18480559875583213
OIP32287.1,-0.21243200000000015
RLB25731.1,-0.2092613185067516
NVM20846.1,-0.16899686520376175
MBI5519543.1,-0.16024311183144224
MCA1988437.1,-0.1547538337368844
MCF7874353.1,-0.29330651649235734
OEU53396.1,-0.1539137134052387
MBN2121352.1,-0.24796812749004016
KMY66951.1,-0.15417538213998375
OGP91873.1,-0.2174764890282135
MBP7322232.1,-0.1942579075425791
WP_115792706.1,-0.13554699537750373
MBU4346213.1,-0.23948428686543136
MBN1353403.1,-0.21874706342991415
MBN2543608.1,-0.2364742589703591
WP_084059039.1,-0.17181669394435334
MCD6261820.1,-0.2038370370370373
MBW1709421.1,-0.19196156925540436
MDD5196756.1,-0.2035436893203885
MCX5678860.1,-0.23086816720257267
MDD2318317.1,-0.1569230769230767
MDD5561488.1,-0.23855166802278308
WP_015739580.1,-0.14247869868319119
MBC8461397.1,-0.19780975219824154
RLB81753.1,-0.18374414976599063
MBW1851285.1,-0.17835772357723564
TRZ93588.1,-0.24843042071197435
MBC8457944.1,-0.18776095617529875
MCK4619955.1,-0.21920382165605118
MDD5093890.1,-0.1842253521126761
OGP83606.1,-0.2152025931928689
PJA48105.1,-0.187155664221679
MCK5381699.1,-0.21309236947791182
WP_012301958.1,-0.17406021155410883
MCP4599796.1,-0.1990828640386163
RLD95427.1,-0.21015043547110057
MBN1833964.1,-0.196290967226219
RKZ32909.1,-0.20824758842443736
PIP14435.1,-0.22623335943617878
MCX5702900.1,-0.2363723150357998
PXF56360.1,-0.15206219312602276
NQT89676.1,-0.2280454176804545
OGR34432.1,-0.15438003220611896
HAA02368.1,-0.19719183673469376
MCP4230424.1,-0.14960931005818767
RLB23583.1,-0.19195548489666145
KAF0123368.1,-0.19842948717948714
MBC2694931.1,-0.19709960159362555
MBW1730391.1,-0.1886417791898333
MCS7258867.1,-0.23670569867291208
MBW2037839.1,-0.19591706539074974
MCK5842330.1,-0.1475364806866951
OGW74646.1,-0.2218400000000003
MBW2021945.1,-0.22043548387096804
MBP7055402.1,-0.22648824006488272
WP_006583062.1,-0.15538834951456293
UCG80774.1,-0.17653995345228857
MBE9580368.1,-0.16411580594679176
PIU56469.1,-0.25748387096774217
WP_013120316.1,-0.17127125506072857
MBW1939198.1,-0.16031122031122025
MCX5701613.1,-0.21679549114331745
OQB12827.1,-0.22745283018867954
MCX5833516.1,-0.2112762520193863
MBU4304034.1,-0.21465362673186647
SPD73438.1,-0.178199203187251
NQT09632.1,-0.1887669053301512
WP_014806125.1,-0.19147461724415774
MCX5696336.1,-0.2176403580146463
HEC99381.1,-0.17719869706840377
MCK4905691.1,-0.2565990639625586
RLB86197.1,-0.21562850280224205
MBN1382843.1,-0.21218139171227543
MBW2004605.1,-0.22087981146897126
WP_068541251.1,-0.2050118577075099
MBW1851013.1,-0.19690208667736755
MBI4766608.1,-0.17228041901692173
HID31370.1,-0.17939581719597206
MDD3953633.1,-0.1812111292962357
MCK4810450.1,-0.250313757039421
UCD86349.1,-0.17914860681114547
RKZ33865.1,-0.16752721617418337
MBU0567981.1,-0.23011456628477933
MBN1827907.1,-0.21815660685154997
MCX7817230.1,-0.2090393700787403
MCX7682535.1,-0.16098228663446035
HDD53677.1,-0.2087321711568938
NLF85933.1,-0.15422450728363313
NLZ63730.1,-0.15475142624286858
MDD5746945.1,-0.22020783373301397
HDM99675.1,-0.15944032921810686
MBM3248194.1,-0.23802547770700658
MBU2540421.1,-0.21605497170573987
MDD3987786.1,-0.24571200000000018
SIN66278.1,-0.20734299516908203
RLE13435.1,-0.227137129109864
MBW1933190.1,-0.1633197056418642
TET07761.1,-0.26022417934347497
MBN1628070.1,-0.19905144694533763
WP_137423289.1,-0.1675261885576147
MCK5506972.1,-0.20477326968973755
MBP7737042.1,-0.15682539682539665
MCK4948269.1,-0.2017111459968603
MCF8041172.1,-0.14958132045088549
TET85589.1,-0.24039123630672957
MBD3367536.1,-0.16024813895781612
MCK4278112.1,-0.24327894327894356
MDA8405135.1,-0.204171292624901
MDD5585042.1,-0.20172999191592572
MCK5305966.1,-0.21905882352941208
WP_054700041.1,-0.18943581357318054
RKY33524.1,-0.2698965791567227
MBW1670012.1,-0.15880327868852448
MCK4418291.1,-0.2556570512820516
MCX7705011.1,-0.20205741626794266
MCD6082045.1,-0.2514896988906501
MCX5668674.1,-0.21956591639871403
RLB94014.1,-0.18806225680933866
MBW2020189.1,-0.18361652377240842
MBC8200150.1,-0.20290791599353805
RKY28795.1,-0.27127186009538984
TKJ47406.1,-0.23003921568627483
WP_020886105.1,-0.1389975747776878
OGS35379.1,-0.17685690653432573
MCM8824210.1,-0.24029292107404415
WP_237888549.1,-0.20420454545454558
MBU1156156.1,-0.15727272727272706
WP_013908398.1,-0.2067346938775511
MCK4765484.1,-0.2180483996877442
MBS3732356.1,-0.15622149837133528
MCM8774434.1,-0.2590161290322583
MCD6584700.1,-0.20453591606133986
MCB2226284.1,-0.15036437246963544
MBW1965266.1,-0.1618166939443534
MBL7225622.1,-0.17298555377207062
MBW2165968.1,-0.2144108280254779
WP_286975890.1,-0.20450000000000002
UCB42174.1,-0.18535916061339763
HDG96934.1,-0.21310843373493998
MBN2431044.1,-0.15280952380952373
MCM8778168.1,-0.22942928039702257
HDQ44868.1,-0.18389023405972557
HDS08762.1,-0.23485668789808944
MDD3087453.1,-0.2463031275060146
HHI98019.1,-0.2009367681498829
MBU1998571.1,-0.22937699680511214
MCX5681592.1,-0.2303852327447836
WP_005660180.1,-0.17656224899598377
MDD5128897.1,-0.233086220789686
MDD3906119.1,-0.20428919577579216
HBF43538.1,-0.1735019762845848
WP_089271456.1,-0.15337142857142846
MCK4352095.1,-0.2637400950871633
MBS3755342.1,-0.153088834555827
MBT4511694.1,-0.2004983922829583
UCF78164.1,-0.20762903225806464
MBW1896611.1,-0.1672248062015503
ACZ19589.1,-0.1235576923076922
MCX8082016.1,-0.24246305418719238
MCD6568056.1,-0.20228758169934655
MCS7231841.1,-0.24847896440129477
MBE0465813.1,-0.1321108394458026
RKX60168.1,-0.1382072368421051
MCM8816481.1,-0.18997578692493952
WP_242601090.1,-0.12587112171837697
MCM8781166.1,-0.2062271644162035
NLI42797.1,-0.21498802873104558
NIA08886.1,-0.17664209664209654
WP_052218197.1,-0.1685946385052801
MBU2469494.1,-0.14609260763606804
WAC06437.1,-0.24975416336241105
MBU0694644.1,-0.23801282051282074
MBP7295986.1,-0.16119800332778692
MBU4276711.1,-0.14125101543460586
MDD5173605.1,-0.21092816787732058
MBL7129924.1,-0.22523052464228954
MCX5680266.1,-0.22397670549084883
MBR2871888.1,-0.19936636880584896
WP_022853686.1,-0.20058130400628438
OQX63976.1,-0.17580306698950748
MCM8806594.1,-0.2899280575539569
MBU1275918.1,-0.14609260763606804
OQC13421.1,-0.2214802896218828
RLB88578.1,-0.1851189499589828
MDD5130347.1,-0.23658653846153876
MCM8758247.1,-0.1895686900958467
HDN84302.1,-0.22560509554140157
MCD6257281.1,-0.2208280254777073
MBN1756290.1,-0.20526907630522098
OIO35871.1,-0.2884824902723736
MBW1974302.1,-0.2038638163103723
MBU0515290.1,-0.18072368421052626
HIC86562.1,-0.19740973312401883
MCM8779866.1,-0.21417271993543194
PXF54362.1,-0.14309210526315774
MCX5686523.1,-0.2367479674796751
WP_236101861.1,-0.1789830508474575
MCM8820733.1,-0.24222956234516949
HHF98870.1,-0.269320543565148
MBW1926485.1,-0.14278917145200973
TET70137.1,-0.21392798690671047
RLE10294.1,-0.20038247011952198
WP_022663412.1,-0.1312747426761677
WP_236099184.1,-0.18147909967845646
MCP2620341.1,-0.21734806629834286
MBI4620376.1,-0.19295527156549516
WP_281746250.1,-0.12205292702485956
MCD6130444.1,-0.24408985282726595
RLB25569.1,-0.209471153846154
MCM8799470.1,-0.26397163120567385
MBW2163800.1,-0.15531914893617005
NMA21259.1,-0.19025264873675643
MBC7358045.1,-0.1801623376623375
RJP85289.1,-0.20152243589743593
RKY98159.1,-0.2472026251025433
OQB73660.1,-0.21817466561762416
MCX5716008.1,-0.2256750202101863
MDD5006305.1,-0.24848242811501617
MBU4377374.1,-0.25641479099678477
MCK4603346.1,-0.16938009787928215
RKY37084.1,-0.2096661367249605
MCX7819343.1,-0.16896081771720595
MDD2702805.1,-0.23520325203252065
MCM8772791.1,-0.28696000000000005
MBP7703453.1,-0.2587928221859709
HDH98393.1,-0.15732567678424925
MBN1277012.1,-0.18144927536231878
MBU4564785.1,-0.15922705314009641
MDD3725925.1,-0.24875305623471902
MBF0549161.1,-0.19800000000000004
MCU0651819.1,-0.23929600000000023
MBN2139427.1,-0.17947494033412884
MDD5116327.1,-0.20315024232633294
MBE9470185.1,-0.24886564762670987
WP_073041604.1,-0.18163828061638268
RKY42573.1,-0.22029944838455517
MDD5089893.1,-0.1751718494271686
MBU1740284.1,-0.1804597701149425
HDI79094.1,-0.230946051602815
MCX5693174.1,-0.23482786228983218
HHF52829.1,-0.2592483660130721
MBF0523789.1,-0.19662129703763015
MCK9595504.1,-0.20277643260694114
MCF7888389.1,-0.30219903691813793
MCK9572597.1,-0.22391719745222963
MBU3912425.1,-0.23985377741673466
UCG35618.1,-0.1998222940226171
MCK4233641.1,-0.24640449438202264
MBW2172476.1,-0.1676049766718506
MCD4707175.1,-0.16156666666666655
MDD5618247.1,-0.22991935483870987
MDD2680247.1,-0.19573743922204223
MBI5144854.1,-0.23768163265306153
MCK9431194.1,-0.23507667473769195
MBU4345670.1,-0.19941031941031948
MBW2108603.1,-0.18205974842767306
MBF0497584.1,-0.19814251401120908
MDD3275322.1,-0.2207858861267044
NPB09824.1,-0.17966850828729267
NLI48622.1,-0.161736227045075
MBS4015367.1,-0.2751162790697676
MCG2677790.1,-0.2361972951471761
WP_068549527.1,-0.2549297971918879
MCM8795696.1,-0.23327882256745733
TSA52883.1,-0.20551890587288824
NLG85004.1,-0.15431356620633618
HEY31777.1,-0.16821052631578923
KPJ64226.1,-0.22257911392405091
OGS02150.1,-0.1986623164763457
MCG2713598.1,-0.22609324758842475
MBC7189009.1,-0.21692063492063518
OIO01268.1,-0.17297734627831698
WP_013258787.1,-0.14695510204081616
MDD5774861.1,-0.18941946034341783
OQX89420.1,-0.20263492063492075
UCF05854.1,-0.16959167333867098
OPX39995.1,-0.2058880000000001
NPA48963.1,-0.20151918559122947
MCM8787550.1,-0.25540432345876724
MCM8825125.1,-0.19133163698049202
MDD4980197.1,-0.21995098039215707
MBU0571578.1,-0.2207592891760907
THB70735.1,-0.15416070007955426
HAP93470.1,-0.19024227234753535
MBP5586601.1,-0.17420526793823785
OGC42311.1,-0.23084529505582171
MDD5255049.1,-0.18790923824959485
MCK5422356.1,-0.19610256410256394
MDD4952627.1,-0.17764892772041296
MDD5634854.1,-0.24908091123330744
MBN1898938.1,-0.25310884886452656
KPL13452.1,-0.22444976076555054
NPB05019.1,-0.22347325102880658
MBN1444952.1,-0.21129411764705894
MCM8810043.1,-0.24709576138147604
MCX5694928.1,-0.22454908220271386
MBF0507414.1,-0.194520766773163
MDD2220010.1,-0.15086921202274556
WP_066638948.1,-0.16571196094385668
MDD5166538.1,-0.21882258064516155
MDD4984621.1,-0.17950240770465486
MDD5194661.1,-0.21863013698630168
RKY31344.1,-0.25845410628019344
MBM4039082.1,-0.19843648208469047
RKQ84269.1,-0.14494949494949486
MBW1924500.1,-0.17357768924302774
PKM99457.1,-0.2514823914823917
MDD4954548.1,-0.22307941653160485
WP_004102734.1,-0.23333860759493694
HAL92123.1,-0.16849427168576092
MBC7321828.1,-0.20826860841423955
WP_012580423.1,-0.23998436278342478
MCK4412009.1,-0.1682285714285713
MBI4753057.1,-0.23232012934519025
MDD5692608.1,-0.22622366288492737
NVL90450.1,-0.16235201262825555
MBU0701278.1,-0.2110810810810813
MCX5707755.1,-0.23996747967479704
NMA42885.1,-0.16904109589041091
MBU1753820.1,-0.21265500794912584
OPY93493.1,-0.1581631037212983
MCK9603049.1,-0.22768488745980736
WP_207689816.1,-0.19977401129943506
MCM8766506.1,-0.2488766692851536
PKN09769.1,-0.16014586709886533
NLG64769.1,-0.13671322925225948
WP_101513194.1,-0.20803970223325063
MBU1125487.1,-0.2206941081517356
MBU1809506.1,-0.23795161290322608
MBM4286908.1,-0.17627980922098563
MDD5645351.1,-0.18380112269446663
MCD6097482.1,-0.18773311897106118
MBE0461714.1,-0.21401111993645772
MBU0503240.1,-0.2195498392282961
MBU4560869.1,-0.23443561208267125
WP_020882236.1,-0.13440842787682325
NOR16395.1,-0.24410628019323705
PIE52469.1,-0.12499999999999993
OPY83964.1,-0.2532530120481931
WP_027185721.1,-0.15770932069510257
UCF66611.1,-0.1849627791563275
OGN90869.1,-0.2025602660016626
MBW2348483.1,-0.17224261771747787
NWF53039.1,-0.22803088803088825
MCK4581361.1,-0.18350214592274675
RLB02668.1,-0.18634493670886065
HDM77431.1,-0.18577287066246048
MCF8031777.1,-0.17365853658536576
UCF71539.1,-0.21082258064516143
MBN1943125.1,-0.20019559902200496
MCX5707147.1,-0.25487220447284376
MDD4182804.1,-0.22242671009772014
HER43531.1,-0.17966265060240977
MCX5679395.1,-0.21688249400479642
HHP51237.1,-0.15303388494877845
MBP6920703.1,-0.19270072992700732
WP_126992486.1,-0.2438815276695248
MCD6230340.1,-0.22693744922827
OPX29217.1,-0.227692307692308
PTQ52589.1,-0.1419746835443037
MCD6391546.1,-0.2075933280381257
MBZ4658539.1,-0.18060211554109015
MCD6560448.1,-0.21035143769968065
MBM3167493.1,-0.18456286427976668
MCL6584389.1,-0.2203971405877684
MDD5556958.1,-0.11866885784716504
UCD19809.1,-0.20012934518997588
MCD6133544.1,-0.22830721003134827
HHZ04666.1,-0.20744560838033851
MBC8274059.1,-0.19935643564356442
KPK91775.1,-0.17093674939951944
HBR06736.1,-0.16682034976152618
MCK5244069.1,-0.18600315955766186
WP_160962187.1,-0.17618122977346265
MDD3807125.1,-0.21244479495268156
MBC8313488.1,-0.26330448465774997
MBG0776795.1,-0.1734980079681273
MCD6460570.1,-0.21145752143413893
MCD6539604.1,-0.2720574162679427
MBM4452548.1,-0.17961698584512883
MBE3551254.1,-0.15958641063515497
MBW1897342.1,-0.17749999999999994
WP_012003780.1,-0.21911813643926809
WP_054652598.1,-0.12528571428571408
HEY40280.1,-0.17565146579804536
MDD2689559.1,-0.2324501197126898
MCD6132029.1,-0.24882690730106669
HEX76244.1,-0.22910743801652922
HBJ80901.1,-0.22314144736842126
WP_274703261.1,-0.2038550247116969
MCD6297477.1,-0.1523210070810384
MCJ7654011.1,-0.1968588137009189
MCK4673304.1,-0.233644553644554
MBL7081857.1,-0.22844800000000032
MBU1727634.1,-0.21983909895414347
MCM8786250.1,-0.24860465116279098
OPL13003.1,-0.15642209398186305
PIE68299.1,-0.11848341232227473
WP_018126055.1,-0.10668789808917188
OIP43045.1,-0.2242683912692
MCK9555766.1,-0.21232371794871804
WP_013705978.1,-0.18736593059936915
PIP16260.1,-0.22297452752670527
MCM8818785.1,-0.2585926505082098
MCK9573461.1,-0.22379338175948377
MCK5055062.1,-0.2025535289452816
MCX6339601.1,-0.1989167974882261
MCX5705466.1,-0.24470125786163557
MCS7152243.1,-0.2653889334402568
HHF52695.1,-0.222291666666667
WP_184618411.1,-0.24367601246105947
WP_009201728.1,-0.2131229773462784
RJX36367.1,-0.17217391304347818
MCF7871048.1,-0.29738988580750414
NLE91760.1,-0.21562653562653583
MDD5246202.1,-0.1923562753036438
MBU1090258.1,-0.2183735909822869
RLE04414.1,-0.22337060702875433
OGP54477.1,-0.195564263322884
WP_093393737.1,-0.19275294117647057
WP_027369944.1,-0.16015710919088758
MCD5416941.1,-0.23563052208835367
SDY14060.1,-0.21600969305331194
HAV42852.1,-0.23538945712037798
MDD2890634.1,-0.2242121931908159
MDD5292171.1,-0.21533490937746277
MCK4495062.1,-0.18297233201581034
WP_015920205.1,-0.21009113504556753
MBI4706603.1,-0.21083870967741955
WP_129350864.1,-0.17751010509296677
MCX6354921.1,-0.19457943925233642
NQT72141.1,-0.18805000000000013
MBT9252673.1,-0.15321060382916038
MDD5501027.1,-0.21673469387755126
MDD3695116.1,-0.15267050123253886
MCD6192407.1,-0.22516386890487647
UCG91596.1,-0.2267203867848512
HHY95411.1,-0.15372549019607823
MDD5530989.1,-0.21053968253968275
MBN2374544.1,-0.16998379254457052
MDD5691487.1,-0.23128824476650595
HIE17730.1,-0.18418760469011716
MDD5432838.1,-0.24069400630914856
NLZ59907.1,-0.1565841584158414
MDD5530469.1,-0.20863708399366104
MCK4224143.1,-0.2340642129992172
MBL7151627.1,-0.21054718477398918
MBN1196177.1,-0.120256204963971
MCD6255246.1,-0.2473783359497647
MCF8082025.1,-0.18027419354838706
MCK4351717.1,-0.187579617834395
MBC8511402.1,-0.1942662116040956
OQX88213.1,-0.2541463414634149
NQT57331.1,-0.20314354450681646
RKY33088.1,-0.22523052464228968
MCD6221944.1,-0.24120218579234995
MCK9275813.1,-0.1884893267651889
MBR0226145.1,-0.17185468451242833
MCD6517783.1,-0.21748397435897465
MBN1526550.1,-0.23859649122807047
MDD5422713.1,-0.21403225806451634
WP_028843731.1,-0.218572614107884
MDD5518899.1,-0.20448415922014623
MCK4252751.1,-0.24199521149241848
MCF8106774.1,-0.20004773269689746
HDJ22688.1,-0.24688342585249834
MBN1884126.1,-0.16187800963081841
UCD05431.1,-0.19627719580983094
MBC7343164.1,-0.18568454763811051
WP_043635629.1,-0.17618122977346262
MBM3153946.1,-0.18812447434819166
WP_015738452.1,-0.18265624999999983
MDD5529907.1,-0.21509912767644754
WP_029896356.1,-0.10799019607843131
MBW1744351.1,-0.16708920187793408
WP_075354872.1,-0.1752979066022543
HHY46089.1,-0.17313572542901728
TET56400.1,-0.18492282696994308
WP_004080893.1,-0.18595178719866984
MBC8525751.1,-0.25219936708860774
HHE41752.1,-0.17638888888888868
MCS7241272.1,-0.21074257425742585
MBM3118441.1,-0.21042323651452294
UCH12891.1,-0.22786806114239772
MBE9515164.1,-0.1917005695687551
MCU0666879.1,-0.24321027287319452
TET43621.1,-0.23202582728006496
WP_015861787.1,-0.17621052631578937
KPJ66385.1,-0.2002005012531329
EKO40284.1,-0.17140080971659907
MBM3148861.1,-0.19312026913372576
MCJ7665073.1,-0.21352068696331025
Q9WZP4.1,-0.18473988439306344
MCK9615412.1,-0.23045234248788402
OPL16404.1,-0.17146160198183308
MCK4597624.1,-0.18658749010292952
MCX7785649.1,-0.26880877742946724
WP_250784645.1,-0.12675220529270234
MBN1253792.1,-0.1765430149960536
MCF8104134.1,-0.19085258964143434
MBL7158156.1,-0.22958132045088595
OGN96036.1,-0.20202429149797577
WP_008192934.1,-0.1958270989193681
MDD5135770.1,-0.22201309328968927
MBM3249644.1,-0.21539452495974257
MBD3414578.1,-0.20668284789644017
RKY31920.1,-0.2649284578696347
HIE12338.1,-0.16948799999999983
KPK98227.1,-0.2347477982385911
MCD6574270.1,-0.22816521048451177
MBN2407170.1,-0.217552388935457
OQX53971.1,-0.24250992851469452
WP_119973788.1,-0.20306335204490775
RKZ07944.1,-0.19904910366328923
MCF8037770.1,-0.1967249602543721
MBC8462020.1,-0.19774580335731423
MCX7994185.1,-0.250386740331492
WP_011942838.1,-0.19088944305901898
MCD6385215.1,-0.19129186602870818
OIO75943.1,-0.26568253968253996
TET59433.1,-0.2242037186742121
MBM3246361.1,-0.2349032258064519
MCK4325281.1,-0.19747663551401873
NPA14749.1,-0.23193734542456745
MCD6277592.1,-0.22443357783211113
MBU0683099.1,-0.21326999208234387
MCX7732227.1,-0.2314883346741757
HHY37258.1,-0.1892048929663608
MBN1798506.1,-0.21149003984063763
MDD4986105.1,-0.18672482157018236
WP_038054151.1,-0.20519071310116074
WP_274967429.1,-0.2180298013245035
HBT26522.1,-0.22204582651391183
MBE9478215.1,-0.1626973684210525
MCK9170500.1,-0.20415543219666946
MBC7340728.1,-0.17267150928167854
WP_123929804.1,-0.15348101265822764
TET66718.1,-0.19630942788074132
MDD5438821.1,-0.1996422764227643
RLB02659.1,-0.1472799999999998
MCM8760519.1,-0.20204081632653065
MCK4264073.1,-0.19405533596837957
KFD41922.1,-0.18407894736842106
NIM99296.1,-0.2235764705882356
RKZ27047.1,-0.20416932907348254
HBQ28160.1,-0.1791940789473684
MCK4404123.1,-0.24575494071146273
MBM4447303.1,-0.1934271523178808
OIN98501.1,-0.21848631239935612
MCK5533967.1,-0.2464114832535887
MCL6477435.1,-0.1733833333333331
UCC60089.1,-0.1741242937853106
MCM8819178.1,-0.25497988736926813
MCK4427064.1,-0.2502340093603747
MCD6407440.1,-0.22854080791426243
MCX6013479.1,-0.20518459069020872
MCK4852029.1,-0.18436305732484087
MCK5708227.1,-0.18880375293197815
MCI2426291.1,-0.23492344883158767
MCI2424863.1,-0.23274919614147935
MDD3642122.1,-0.1317553613979347
UCG83634.1,-0.17399999999999988
WP_021759765.1,-0.14141365461847374
RLC65627.1,-0.1850569105691056
WP_144304143.1,-0.13851792828685244
MBD3235838.1,-0.12009983361064888
UCH51857.1,-0.20165562913907292
MCJ7577804.1,-0.24453416149068352
MBM3142877.1,-0.20126561199000828
TRZ53331.1,-0.20536466774716375
HHW62248.1,-0.17941594317284912
RKZ15379.1,-0.21844771241830088
KPK62151.1,-0.22543171114599717
MCK4836880.1,-0.2120868890612881
HCJ79485.1,-0.1842139917695473
MCD6462456.1,-0.18127861089187042
MCX6356374.1,-0.18564062499999998
MCH3916102.1,-0.18596685082872924
WP_034609038.1,-0.14038740920096834
WP_027368527.1,-0.17977309562398694
MBL7072412.1,-0.23158135981665423
MBU8923060.1,-0.17107936507936503
MBN1405205.1,-0.22899521531100508
MDD4985238.1,-0.2150244698205548
HDP93878.1,-0.11422150882825023
WP_014259157.1,-0.18271844660194167
MBP2674506.1,-0.19844370860927163
MCK4272047.1,-0.18128782001551594
MCA1944315.1,-0.1734306569343064
RKY38700.1,-0.23031201248049957
MBW1917899.1,-0.1748738170347001
MBE0478087.1,-0.2140920096852302
RLA96068.1,-0.14763432237369667
TET31095.1,-0.21323151125401946
MDD4984803.1,-0.17722267871815942
MBN1165328.1,-0.17947494033412892
MBN1695025.1,-0.23733648542159208
RTZ60122.1,-0.23879438480594578
MBC7293725.1,-0.14451043338683767
WP_006597570.1,-0.17451371571072308
MCD6350550.1,-0.1489381933438984
RLB86297.1,-0.20461419753086424
UCD85456.1,-0.24530361260568823
UCB52299.1,-0.22896278701504386
MCR4423335.1,-0.24454263565891501
MBI5573669.1,-0.2230952380952383
RJX19132.1,-0.16039339103068437
WP_281673101.1,-0.17559237779618875
HEC78438.1,-0.22653784219001635
MCK4547806.1,-0.19730120481927724
RLC73394.1,-0.16774901960784303
OGJ45037.1,-0.24426470588235313
MDD5038752.1,-0.1922168284789645
MBI4777834.1,-0.20708141321044568
MBC7107031.1,-0.15642798353909457
MCJ7828488.1,-0.191980115990058
MDD5590552.1,-0.17316434995911695
NPA95591.1,-0.19214693877551026
KPJ72056.1,-0.2311665325824621
KPL00779.1,-0.23669811320754747
WP_029161874.1,-0.1831884057971015
HEY78186.1,-0.15925203252032516
HID31854.1,-0.2167524115755629
NWF77922.1,-0.2052411575562701
KPK98863.1,-0.2150925181013679
OIP27213.1,-0.24145424836601337
KPL02921.1,-0.24469498069498097
HHS48680.1,-0.19728414442700143
TET50389.1,-0.18139871382636652
MBN1272098.1,-0.21731319554848993
MCK5123935.1,-0.17861402095084605
MBM4462277.1,-0.18615987460815042
MCF8010579.1,-0.1693365695792878
WP_065077915.1,-0.1850483870967742
MCF8029956.1,-0.15567567567567553
HID79090.1,-0.2454470877768666
HCR12878.1,-0.1727836734693876
MCX5667737.1,-0.23206143896523881
MDD3579842.1,-0.1744285714285713
WP_101510974.1,-0.23049959049959082
UJX39652.1,-0.1875465587044534
HIO41924.1,-0.22130794701986758
MBE9506291.1,-0.16233250620347373
TKJ30626.1,-0.19010309278350498
WP_086034509.1,-0.19871372549019609
WP_075666566.1,-0.24919254658385115
WP_127722144.1,-0.18478260869565216
MCX6009294.1,-0.2118407960199006
OGS25242.1,-0.2426470588235297
MBN2621502.1,-0.18681855166802286
MCK5181712.1,-0.1768921095008051
MBN1422552.1,-0.17538213998390997
MBN2380466.1,-0.20288230584467584
MBL7157435.1,-0.22421289355322366
MBU0633564.1,-0.22745381526104447
MCX5995161.1,-0.2390255591054315
MCD6551740.1,-0.21388293487221763
MCJ7575452.1,-0.20670916334661374
WP_217303267.1,-0.18970185334407738
OPX19753.1,-0.18060269627279932
WP_077290039.1,-0.25380434782608713
MCX7654838.1,-0.2002952029520298
NLJ56238.1,-0.16410543130990407
MCK4942159.1,-0.19403288958496495
WP_005986453.1,-0.18472019464720188
MBW2566855.1,-0.17868185516680224
UCC12979.1,-0.21509584664536766
MBE0432942.1,-0.2121256038647345
MCX5999426.1,-0.16289711934156367
WP_005995138.1,-0.18316558441558434
MCL6448934.1,-0.17747351263243666
WP_273268097.1,-0.17172643869891568
TET64549.1,-0.20481154771451496
WP_077198742.1,-0.2513618677042803
WP_025392733.1,-0.18717665615141943
KPK68998.1,-0.1925
MCD6228399.1,-0.2665023847376791
MCK4926485.1,-0.20957497995188468
MBD3234803.1,-0.17582701062215483
NQT48632.1,-0.17473426001635328
MCX7927689.1,-0.2171753246753249
WP_144306146.1,-0.13627279936558276
MCJ7792280.1,-0.20412337662337668
MBS3741322.1,-0.20375099760574622
RKY46423.1,-0.2696502384737682
MCS7249956.1,-0.2715590551181104
MCK4595195.1,-0.21580128205128224
HEY87297.1,-0.2017024661893398
HIC09316.1,-0.2205940594059406
OYD15265.1,-0.22798467432950226
UCH97547.1,-0.22213229571984466
UCG31307.1,-0.21558082859463867
WP_067618986.1,-0.22568218298555398
HDN86460.1,-0.2710246227164419
MBN2098375.1,-0.20805578342904035
MCP5107137.1,-0.19391785150078983
WP_029458037.1,-0.1878345498783454
MDD4984952.1,-0.1781044176706827
MCK4964069.1,-0.23178343949044605
MDD5487312.1,-0.20986852281515872
RKZ22305.1,-0.21029529130087807
HDO71601.1,-0.20862313139260444
MCS7233320.1,-0.2512103980503658
MBN1862206.1,-0.14185819070904626
MBM3157016.1,-0.2221314102564105
MBU2064077.1,-0.21551612903225825
MCK4994841.1,-0.2389976507439314
KPL18169.1,-0.20821020563594841
MCD6218692.1,-0.20771589991928985
KUK13585.1,-0.2377760000000003
MBP8081784.1,-0.20968801313628907
MCL0094465.1,-0.20704180064308692
WP_092127640.1,-0.18723945902943503
PIU64559.1,-0.23453100158982526
MBD3168381.1,-0.1979344262295082
MBC7332120.1,-0.23597122302158305
MCK4328993.1,-0.21705600000000017
MCK5434807.1,-0.16709003215434085
MCJ7744036.1,-0.2216535433070869
MCK5654020.1,-0.21533222591362136
UCB57218.1,-0.23683582089552266
MCD6521339.1,-0.2069025157232706
PIP14029.1,-0.250381558028617
OYD14233.1,-0.21524959742351063
MCX5991229.1,-0.16092105263157885
WP_009179663.1,-0.20103142626913778
NPV30345.1,-0.15517753922378183
HHY38664.1,-0.16926681783824618
HDI00708.1,-0.20264559068219612
MBU1062361.1,-0.25195548489666164
WP_013932652.1,-0.2533333333333335
WP_072760667.1,-0.22074738415545625
MBD3179202.1,-0.1681875993640698
MBE0431535.1,-0.16268510984540258
RKY58058.1,-0.20397009966777385
UCG44327.1,-0.18227419354838711
RLA79281.1,-0.16784469096671928
HDQ99980.1,-0.1581324820430965
NPV13596.1,-0.2331013147718487
MCG2712302.1,-0.25505845674201116
HHW70110.1,-0.19622400000000004
MBN1289341.1,-0.15134568896051553
TET42219.1,-0.18134206219312587
RKX70936.1,-0.23107717041800674
RKY66872.1,-0.2059733777038268
MCS7180608.1,-0.2406924315619971
RLC91348.1,-0.15705541770057885
RKY72183.1,-0.20064784053156118
MCK4806103.1,-0.1674487284659556
NCC52966.1,-0.15544303797468337
MCJ7514391.1,-0.20023198011599008
MCX5998976.1,-0.1780677126341866
WP_064011492.1,-0.22206231454005967
NPU88988.1,-0.21765578635014868
MCD4846831.1,-0.17371753246753235
MCK5115990.1,-0.17805280528052797
MCL0057610.1,-0.19728514056224908
MBL7085367.1,-0.230933758978452
MCK4423183.1,-0.21839243498818
WP_069292985.1,-0.22125269978401757
WP_167843692.1,-0.22169242089771923
NQT22480.1,-0.18587314017227877
OGO02507.1,-0.16342148760330555
MCK4463167.1,-0.2311917916337808
KPJ51283.1,-0.17584690553745908
MCJ7482785.1,-0.18377723970944315
MBU4268244.1,-0.18670427074939575
MCJ7484660.1,-0.17839536807278739
WP_132780917.1,-0.22180375180375206
NLJ30802.1,-0.1913240673006585
WP_014451233.1,-0.21556213017751516
UCC66422.1,-0.19621069182389933
MCK4322231.1,-0.24402280130293189
MBC7246520.1,-0.14487115544472134
MCJ7812745.1,-0.24455445544554483
NOQ21312.1,-0.18147058823529424
WP_041257209.1,-0.2007148067104306
A7HMY3.1,-0.1995649021029734
MDD3554892.1,-0.20724220623501213
WP_287155508.1,-0.12996677740863774
NQS99721.1,-0.2620411392405066
WP_164542478.1,-0.20739926739926767
MCI1965905.1,-0.1740483870967743
MBN1793971.1,-0.21636947791164696
HCI29665.1,-0.19341299477221813
MBN1688580.1,-0.2008710217755445
MCJ7745636.1,-0.15742243436754164
NQT30714.1,-0.18992747784045136
RKY36954.1,-0.19217461600646726
MDD4995766.1,-0.19287547169811334
MBN3038910.1,-0.2512836767036452
HDP69895.1,-0.2077624084621643
MCD5383854.1,-0.23189522342064733
MCK4572350.1,-0.2492495921696577
WP_209454334.1,-0.24163706563706597
MCX7949945.1,-0.24315412186379956
MBO8129867.1,-0.15103781174577618
KUK52879.1,-0.1918719211822659
WP_033192405.1,-0.19972911963882645
MBN1621931.1,-0.2462389735364878
MCS7221112.1,-0.17053571428571415
MCC6449707.1,-0.171229183187946
UCG10334.1,-0.1784210526315789
MBK5093002.1,-0.14735576923076907
HIE05635.1,-0.22077481840193733
WP_012057793.1,-0.22825077399380825
MBN2097511.1,-0.2489368505195846
MCK4872804.1,-0.21547138047138056
HID97114.1,-0.18110754414125188
NLP18818.1,-0.19223684210526323
MCD5408734.1,-0.17457212713936415
RJQ30137.1,-0.14247135842880512
MCK4237450.1,-0.17634049323786796
MCX8067039.1,-0.18140522875816978
MBN1916756.1,-0.1528885272579331
MBN1592075.1,-0.1835409836065575
WP_073253986.1,-0.19007323026851103
NLJ34089.1,-0.15810543657331122
MBU4173362.1,-0.16939467312348655
MCG2796142.1,-0.15003262642740606
MBU4240662.1,-0.14700980392156848
MBC7229201.1,-0.1356558061821218
WP_066355531.1,-0.19489015459723358
MCS7179538.1,-0.18544715447154458
MCF6096237.1,-0.19798373983739845
MBU4194427.1,-0.14737100737100722
MCG0275074.1,-0.18915032679738564
NPV59278.1,-0.13313953488372077
MCK4420176.1,-0.2007849419303162
MBL7091966.1,-0.24453460620525094
MDD5749077.1,-0.15029911075181873
WP_288052832.1,-0.2315910837817067
MCX7001107.1,-0.19889245585874804
NLG85767.1,-0.1959324758842445
WP_221039499.1,-0.20001628664495125
NMA55673.1,-0.20358258011503716
MCX8058107.1,-0.19492442322991269
RKY17765.1,-0.14067001675041862
HHV57470.1,-0.20022819885900583
MBN2208660.1,-0.1888341543513957
NMB41708.1,-0.17347166799680774
HBO42517.1,-0.18455967078189298
WP_013756138.1,-0.20394568690095857
NIA03233.1,-0.21214285714285716
PKQ27787.1,-0.17459935897435883
WP_073088780.1,-0.16495238095238085
MBN1347432.1,-0.16694789081885839
HHV14964.1,-0.18862992125984257
MBO8158292.1,-0.17257731958762879
MCK4226489.1,-0.22145187601957614
MCC7468462.1,-0.1842269736842106
MCX7682581.1,-0.1729200652528546
NLO06847.1,-0.1392319999999998
MCL6518272.1,-0.19909390444810549
MBN1586643.1,-0.16467391304347823
WP_108308941.1,-0.20793905372894964
MBU1670996.1,-0.16852146263910947
KPJ84279.1,-0.17583747927031487
HCU37503.1,-0.14700408163265288
MCR4439032.1,-0.18965283657917018
MBU1122217.1,-0.2314670658682635
MBN2024740.1,-0.19979522184300344
MCK4660954.1,-0.1842542787286064
MCE5216354.1,-0.1536163265306121
MBU0641462.1,-0.17241093620546794
MCX6011538.1,-0.22454615981380951
NJN66754.1,-0.13701112877583452
MBN1975544.1,-0.24482815057283167
MDD3818694.1,-0.21728455284552864
HEY48644.1,-0.2249921752738657
MCS7216560.1,-0.18765494137353417
MCX7598637.1,-0.14275303643724682
MCK4964498.1,-0.2151045701006973
MBW1962590.1,-0.20216867469879526
MBN2188273.1,-0.18123660346248985
TES84199.1,-0.21671317829457395
MBW1699805.1,-0.20521669341894072
MBC8429666.1,-0.20795682343870495
HAT11313.1,-0.17426975259377492
HCP60342.1,-0.1933386201427439
MCK4341207.1,-0.1571098265895953
MDD5448520.1,-0.19333854573885836
MDD4267026.1,-0.1452302631578945
NIP52277.1,-0.20846278317152114
MBD3293687.1,-0.1339951573849878
MCK5044129.1,-0.21244881244881253
UCF34536.1,-0.20379598662207363
UCG15475.1,-0.16065217391304332
HEY55395.1,-0.19809752198241415
UCD16111.1,-0.2052102102102105
TET75408.1,-0.2174961119751169
MBI5444271.1,-0.17472918350848812
MCD6327861.1,-0.1810930828351836
MBN2182402.1,-0.23440397350993403
HCA48349.1,-0.15672051696284311
MCD4728018.1,-0.19178512396694214
KQC12282.1,-0.19575020275750207
HEY92200.1,-0.18877112135176644
MBC7186987.1,-0.18645378151260503
MBL7134770.1,-0.18263900414937756
OGV48790.1,-0.21460000000000018
MCG2682352.1,-0.17445643153526957
NLC59079.1,-0.17500405515004047
MBU4271855.1,-0.17342304457527316
MCX7911501.1,-0.1922575516693164
MCK4368564.1,-0.20918530351437717
MBN1912247.1,-0.18861588861588865
MCG0278282.1,-0.20172719935431802
MBN2593545.1,-0.21472473294987687
MCC6697074.1,-0.15219591836734672
MBN1513279.1,-0.14495016611295666
TLY38450.1,-0.18797822706065329
NQT83690.1,-0.2188405797101452
NLF67580.1,-0.21879799666110203
MBN1866788.1,-0.17034369885433712
MBE0481198.1,-0.20919970082273773
HEX73835.1,-0.2113195548489667
NLS94349.1,-0.1699917559769166
MBN2244164.1,-0.1373432343234322
MCD6300385.1,-0.20426562500000003
MBN2559943.1,-0.16543831168831172
HEY97739.1,-0.20315703824247347
MCE5199428.1,-0.20972312703583074
MBE9482440.1,-0.20072085889570562
MBE9502489.1,-0.2021660079051384
MBN2315829.1,-0.22356792144026214
UCC21484.1,-0.2083388157894737
MBN2577806.1,-0.19447236180904529
OGW89405.1,-0.18718266253869972
TAL12963.1,-0.17964669738863287
MBE9513347.1,-0.18741776315789452
TLY24849.1,-0.18350194552529178
MCK4697909.1,-0.22252983293556114
MQY55370.1,-0.22182394924662996
MCJ7522103.1,-0.2175548589341695
MCX5685314.1,-0.14101694915254215
MBP8954420.1,-0.159382113821138
MBN1554088.1,-0.14982113821138188
MCE5315710.1,-0.2125247524752476
MCD6378343.1,-0.16923996584116127
MCG3110196.1,-0.1959969088098918
TAK08821.1,-0.18757176105508136
MCS7150015.1,-0.22778733385457414
NKB80333.1,-0.15745283018867903
MBA3612500.1,-0.1675586854460094
GJL70453.1,-0.16955294117647057
MDD4954545.1,nan
MCK5225719.1,-0.26778050778050794
NLW87623.1,-0.15561621174524384
NLO73414.1,-0.13006568144499162
TRZ98877.1,-0.16725019364833454
TLY45385.1,-0.17915822291504283
TLY30398.1,-0.18784770784770785
MCK4362092.1,-0.2076099120703438
KPK48124.1,-0.13474201474201458
KPK69158.1,-0.13467661691542268
UCF42351.1,-0.18943022295623443
UCG82446.1,-0.2026521060842434
MCA9420068.1,-0.17039062499999996
MDC4206066.1,-0.19614849187935038
MBE0415351.1,-0.19188888888888894
TLY34130.1,-0.18468412942989215
MBI3607022.1,-0.16827747466874493
NMC20651.1,-0.16494004796163073
MCB9776389.1,-0.17055512118842844
MCW5782034.1,-0.16755868544600935
RKY12619.1,-0.19940983606557378
WP_168062490.1,-0.19431660231660233
NLX56866.1,-0.14826267664172885
OGW61655.1,-0.15372670807453395
MCD6394863.1,-0.1626756985605419
MCZ6799685.1,-0.168537360890302
OGN99156.1,-0.2374898125509375
MBA3966007.1,-0.15823161189358367
MCD6393809.1,-0.2174664429530202
MCD6453173.1,-0.19123794212218645
MCI0526519.1,-0.204933774834437
MCK5271341.1,-0.20876987447698736
KPJ77988.1,-0.15349258649093878
MCS7198934.1,-0.2212646370023422
MCE5322560.1,-0.20557988645579894
UCC90713.1,-0.20770078740157497
NLX07397.1,-0.18063683304647155
MDA0738101.1,-0.17138778747026162
GJL60347.1,-0.16879000780640124
MCA9461545.1,-0.1927117327117328
MCK4913265.1,-0.270732510288066
MCX7765221.1,-0.19071046600458386
RKY15458.1,-0.19159896283491798
MCA9498807.1,-0.16584375
NLE60945.1,-0.16652138821630325
MBI3803466.1,-0.19463263727764893
MCD6385536.1,-0.19604117181314343
KPK57772.1,-0.19007778738115796
RMH04437.1,-0.16292259083728258
MBN2290148.1,-0.18232638888888877
UCD00243.1,-0.23732567678424962
GJL53507.1,-0.1824528301886793
MBN2473095.1,-0.19860224331320123
MBN1160452.1,-0.2396568627450983
TLY18734.1,-0.18418749999999998
OGX38212.1,-0.17679214402618643
MCA9471398.1,-0.15987351778656117
UCD55760.1,-0.20538109756097586
HIA13583.1,-0.14611285266457655
MBN2457435.1,-0.22935000000000022
MCH7614639.1,-0.16318145483613095
MCK5270084.1,-0.2030613961312026
MCK4284347.1,-0.1972052401746723
MCI4454717.1,-0.23077639751552823
MBL7107184.1,-0.21827903091060993
NAZ29841.1,-0.22958009331259746
MBN1395324.1,-0.1799657240788345
MDF2756369.1,-0.17743190661478594
MCC6048997.1,-0.22962674961119778
KPK50888.1,-0.11646761984861213
TKB91367.1,-0.1852647975077882
MCK4627662.1,-0.19640033641715715
GJL50309.1,-0.18245283018867925
MBN1693006.1,-0.2293027071369978
MCH8038879.1,-0.17052880820836613
MDD9860226.1,-0.11058823529411753
GJL64326.1,-0.17803149606299212
NPA40418.1,-0.25363412633306015
MDD9820360.1,-0.1196078431372548
MCZ6581533.1,-0.17197160883280752
THJ17205.1,-0.1856362217017955
MBX3305946.1,-0.179515625
NOU09206.1,-0.1854914196567863
TKB60412.1,-0.18999220576773193
MYC27837.1,-0.1443264659270996
RKX59612.1,-0.26107850911974645
HBR52165.1,-0.18402810304449652
TKB79472.1,-0.1839781591263651
MBI5671879.1,-0.1866303501945526
MBN1516102.1,-0.15958437240232728
MBI3812191.1,-0.20630914826498425
MBN1569365.1,-0.13055374592833854
MCD6415592.1,-0.17691659646166788
MBM4119368.1,-0.18748837209302321
MBW8064787.1,-0.16020424194815375
MBI3609883.1,-0.2127186009538952
MCP9440858.1,-0.18484326018808767
MCP9446982.1,-0.17442367601246084
MYA28586.1,-0.14779365079365053
MCK4274460.1,-0.21838367346938797
MCH6556985.1,-0.16164835164835142
MBL8037287.1,-0.17235109717868338
WP_062484850.1,-0.17442367601246087
MCZ6780994.1,-0.15698587127158534
MCY3729421.1,-0.1442594075260206
MBL8075430.1,-0.19350000000000003
MBA5865285.1,-0.1703831118060983
MCD6490531.1,-0.2519424460431657
MCY4131778.1,-0.1442594075260206
MCA1957882.1,-0.17442367601246087
MBI4715680.1,-0.20570306362922244
MCP9471644.1,-0.17312012480499195
MCP9470411.1,-0.17300077942322659
TKS58015.1,-0.1895178849144635
MCX5633622.1,-0.26053601340033516
MCY3956041.1,-0.14758012820512798
MBS3734926.1,-0.13649867374005292
WP_087476519.1,-0.1857474825716499
TLY27454.1,-0.17458693941778108
MBH0189505.1,-0.18894573643410853
MBU6433547.1,-0.18156617071260764
HEA84083.1,-0.24817014446227958
WP_038055385.1,-0.24297770700636967
MBH0196052.1,-0.19092463092463097
MBH0177344.1,-0.19277821011673157
MBI3605480.1,-0.23789230769230796
MDE0405049.1,-0.14720948616600768
MDE0145202.1,-0.14552715654952053
RKX63449.1,-0.25054400000000027
OQX80544.1,-0.21203338391502305
WP_068513250.1,-0.21301412872841466
HEA83982.1,-0.24810593900481567
MSQ77079.1,-0.19226917057902973
MBI4226837.1,-0.16017959183673455
MBM4126407.1,-0.18770186335403724
NIP26278.1,-0.25520918785890095
OLB56743.1,-0.18115624999999985
MDA2910728.1,-0.16512981904012566
WP_289267888.1,-0.1787713841368583
WP_053378725.1,-0.18082683307332284
MBS0183040.1,-0.18695245518316445
WP_013909710.1,-0.2674221867517959
MCP9449211.1,-0.17141075604052974
MBI1819577.1,-0.2397996918335904
MDF2953759.1,-0.247923015236568
MBN1488493.1,-0.1426655629139071
TLY39939.1,-0.18257611241217786
MBM4138656.1,-0.18584496124031005
MBI1823206.1,-0.22417582417582455
MCD6547883.1,-0.2507285828662933
MBQ26528.1,-0.1299999999999998
WP_173049627.1,-0.16207710464201394
MBI4401747.1,-0.1661960784313723
MBI3593827.1,-0.2208627450980396
OQW58155.1,-0.18600465477114042
MCP9456079.1,-0.1663400148478098
MCP9451195.1,-0.17249216300940423
WP_038060031.1,-0.24746221161495652
MDF0673452.1,-0.18663035019455257
MBO8144359.1,-0.2542742582197276
MCY4614673.1,-0.13359036144578296
MCX5728322.1,-0.17451286048324233
MBX9658731.1,-0.1780468749999999
WP_150071754.1,-0.24525559105431338
MCX5721395.1,-0.19063330727130573
RMH36919.1,-0.1529696024941541
WP_090750641.1,-0.18327894327894334
MBI3807454.1,-0.1781391712275214
MBD0315461.1,-0.17406371406371401
MBK8275136.1,-0.17880248833592535
MBH0189503.1,-0.19400155400155403
HIJ69910.1,-0.23076013513513535
OQW30231.1,-0.1831323414252154
MXX10876.1,-0.1537292161520188
WHZ22866.1,-0.1766849100860046
MCD6231948.1,-0.23000784313725525
KUJ98297.1,-0.24728000000000028
WP_080886657.1,-0.1675646045418949
MCR5854998.1,-0.2487691069991958
MDF0645029.1,-0.1713364779874212
MCD6307464.1,-0.16034071550255521
NOY85205.1,-0.16815873015872992
MCS6305861.1,-0.1783255086071987
MBX3330962.1,-0.17440809968847348
MYH03018.1,-0.15154574132492094
THJ23421.1,-0.18297339593114237
NOT22886.1,-0.1672713057075838
THJ11984.1,-0.1905707584050039
TLY25041.1,-0.17376664056382138
MYG40882.1,-0.1474584323040378
MCG3778414.1,-0.1818354430379747
TKB52149.1,-0.17888709677419343
MBI3595680.1,-0.19734387351778643
MCX5725394.1,-0.20216470588235297
MBX3320202.1,-0.18248243559718974
MCC2639635.1,-0.1657774269928965
MBK9308163.1,-0.18404371584699458
MBC7837604.1,-0.16609717868338542
MBN1176281.1,-0.21553556827473447
THI84842.1,-0.18128225175918689
WP_028841837.1,-0.2478428227746594
QPD05314.1,-0.180811232449298
MDC8447370.1,-0.18581249999999996
NWF71931.1,-0.1693803921568625
MBK5280517.1,-0.17514866979655708
MCG3768566.1,-0.1916981132075472
MDF0665923.1,-0.18327586206896557
NGZ98964.1,-0.1775993764614186
MCC6139287.1,-0.1959377431906615
MCS6294310.1,-0.18752150117279123
ULA59370.1,-0.18277383766745464
WP_022855018.1,-0.24265914585012113
HIE66018.1,-0.21992295839753495
OGW66796.1,-0.186865671641791
NOS82605.1,-0.18887499999999996
WHZ13362.1,-0.18526315789473677
TMQ29609.1,-0.1690140845070421
MDE3119654.1,-0.19397024275646044
MBX3333964.1,-0.17950000000000002
NOT95686.1,-0.1917628705148206
MCS6283834.1,-0.18859594383775355
PHX90515.1,-0.19027537372147918
MBX3327757.1,-0.17388714733542313
ULA63736.1,-0.18734374999999998
MCW5798044.1,-0.18264566929133855
MBX3123964.1,-0.17992107340173633
WP_090894159.1,-0.1874902267396404
MCI0428248.1,-0.17056338028169005
THJ25283.1,-0.16296238244514083
MBH0201390.1,-0.17492187499999998
TKB61359.1,-0.1844913928012519
NOS78781.1,-0.18734374999999998
MCM8760185.1,-0.22315622521808118
MBA0915132.1,-0.18885039370078743
MDF0651594.1,-0.19806401249024205
MBA5862084.1,-0.18294952681388013
NGZ11180.1,-0.18779953014878625
MBI5317724.1,-0.16478806907378313
OGW50218.1,-0.18786217697729052
WP_121987876.1,-0.18546021840873633
MBK8379191.1,-0.19645865834633394
MCK5219765.1,-0.18788494077834167
CBK40822.1,-0.18135646687697163
MBX7037728.1,-0.18135646687697157
MCX7703504.1,-0.21973131821998335
HIJ52325.1,-0.2003786008230453
MCE3222990.1,-0.18036392405063284
NJN69368.1,-0.1775993764614186
WHZ26013.1,-0.17193119624706796
MCI4398578.1,-0.19303389830508494
TAJ09250.1,-0.18846818538884516
MBI3358567.1,-0.21435458786936265
NGZ02711.1,-0.18802488335925352
MCG3776708.1,-0.19336455893832946
MDE3019357.1,-0.17954294720252156
MBX3303839.1,-0.17151326053042115
KPJ62349.1,-0.19772046589018294
NLW50338.1,-0.17249146757679162
MBM4132181.1,-0.19290423861852435
MBV6468767.1,-0.18000000000000002
WP_080878648.1,-0.1934894613583139
MBP6261797.1,-0.19207812500000004
MBX3237784.1,-0.18155050900548153
MCS6290426.1,-0.19389589905362783
KXK04379.1,-0.18421545667447312
MCE7978963.1,-0.18720692368214006
MBL8044144.1,-0.1830939226519337
MBS0179035.1,-0.18140378548895897
MBS0171276.1,-0.18733858267716536
HAP40427.1,-0.18278959810874698
MCD6360382.1,-0.1406091370558374
MBN1391314.1,-0.22921140939597331
MCI1279738.1,-0.1934894613583139
WP_213040162.1,-0.18733858267716536
MBA5871055.1,-0.1887647521636507
MCS6295402.1,-0.18892913385826773
UCE98704.1,-0.2207154742096508
MCS7279813.1,-0.256203554119548
MCS6326714.1,-0.18936069455406476
MBI4314211.1,-0.19307010475423048
MCC6968177.1,-0.18639810426540288
MBN1786801.1,-0.24116638078902247
MBI1820740.1,-0.22736434108527165
MCK4593520.1,-0.16066409266409237
MCD4732677.1,-0.18995433789954339
MCX7021789.1,-0.16482280431432944
MBI3604330.1,-0.17406645569620238
OHB59754.1,-0.2342468085106385
MBD3373089.1,-0.14587423312883416
MBD3400316.1,-0.14595548733691457
MDD5010950.1,-0.24102127659574488
MBU1260938.1,-0.23847328244274826
MBN2133676.1,-0.2080101608806096
OGW67340.1,-0.1886439333862014
PKL51047.1,-0.2370288624787778
